unitid,name,admissions_url
222178,Abilene Christian University,https://acu.edu/admissions-aid/
126182,Adams State University,https://www.adams.edu/admissions/
188429,Adelphi University,https://www.adelphi.edu/admissions/
138600,Agnes Scott College,https://www.agnesscott.edu/admission/
100724,Alabama State University,https://www.alasu.edu/admissions/
188526,Albany College of Pharmacy and Health Sciences,https://www.acphs.edu/admissions-aid/
128498,Albertus Magnus College,https://www.albertus.edu/undergraduate-degrees/
168546,Albion College,https://www.albion.edu/admission/
132842,Albizu University-Miami,https://albizu.elluciancrmrecruit.com/Apply/Account/Create
188641,Alfred University,https://www.alfred.edu/admissions/
210669,Allegheny College,https://allegheny.edu/apply/
168591,Alma College,https://www.alma.edu/admissions/
210775,Alvernia University,https://www.alvernia.edu/admissions-aid
238193,Alverno College,https://www.alverno.edu/undergraduate
164447,American International College,https://www.aic.edu/admissions-tuition/
164465,Amherst College,https://www.amherst.edu/admission/
150066,Anderson University,https://admissions.anderson.edu/apply/
217633,Anderson University,https://andersonuniversity.edu/admissions-requirements/
168740,Andrews University,https://apply.andrews.edu/en-US/andrews-application-transition/
222831,Angelo State University,https://www.angelo.edu/admissions-and-aid/
483018,Antioch College,https://antiochcollege.edu/admission/
197869,Appalachian State University,https://admissions.appstate.edu/
168786,Aquinas College,https://www.aquinas.edu/admissions/
211088,Arcadia University,https://www.arcadia.edu/admissions
105899,Arizona Christian University,https://apply.arizonachristian.edu/
201061,Art Academy of Cincinnati,https://www.artacademy.edu/admissions/
156213,Asbury University,https://start.asbury.edu/portal/apply
201104,Ashland University,https://inpursuit.ashland.edu/
164562,Assumption University,https://www.assumption.edu/admissions-financial-aid/undergraduate-admissions-and-financial-aid
100858,Auburn University,https://www.auburn.edu/admissions/index.php
173045,Augsburg University,https://admissions.augsburg.edu/apply/
143084,Augustana College,https://www.augustana.edu/admissions
219000,Augustana University,https://www.augie.edu/admission-aid
143118,Aurora University,https://aurora.edu/admission/
222983,Austin College,https://www.austincollege.edu/admission
219602,Austin Peay State University,https://www.apsu.edu/admissions/
446048,Ave Maria University,https://www.avemaria.edu/admissions
164580,Babson College,https://www.babson.edu/undergraduate/how-to-apply/
168847,Baker College,https://apply.baker.edu/
201195,Baldwin Wallace University,https://www.bw.edu/admission/
150136,Ball State University,https://www.bsu.edu/admissions
189088,Bard College,https://www.bard.edu/admission/
189097,Barnard College,https://barnard.edu/admissions-aid
132471,Barry University,https://my.barry.edu/admission/
197911,Barton College,https://www.barton.edu/admissions-aid/
160977,Bates College,https://www.bates.edu/admission/
164632,Bay Path University,https://www.baypath.edu/admissions-aid/undergraduate-admissions/
223232,Baylor University,https://admissions.web.baylor.edu/
384254,Beacon College,https://www.beaconcollege.edu/admissions-aid/
175421,Belhaven University,https://www.belhaven.edu/admission/
156286,Bellarmine University,https://application.bellarmine.edu/apply/
197984,Belmont Abbey College,https://belmontabbeycollege.edu/admissions/
219709,Belmont University,https://www.belmont.edu/admissions/
238333,Beloit College,https://www.beloit.edu/admission/
154712,Benedictine College,https://www.benedictine.edu/admission
145619,Benedictine University,https://ben.edu/admissions/
230816,Bennington College,https://www.bennington.edu/admissions-and-financial-aid
164739,Bentley University,https://www.bentley.edu/undergraduate
139144,Berry College,https://www.berry.edu/admission/
173142,Bethany Lutheran College,https://blc.edu/admissions/apply/
219718,Bethel University,https://apply.bethelu.edu/
150145,Bethel University,https://betheluniversity.edu/admissions-aid/
173160,Bethel University,https://betheluniversity2.my.site.com/RecruitingAndAdmissions/s/
110097,Biola University,https://www.biola.edu/admissions
143288,Blackburn College,https://blackburn.edu/admissions-aid/
201371,Bluffton University,https://www.bluffton.edu/admissions/
164988,Boston University,https://www.bu.edu/admissions/
161004,Bowdoin College,https://www.bowdoin.edu/admissions/
201441,Bowling Green State University-Main Campus,https://www.bgsu.edu/admissions
143358,Bradley University,https://www.bradley.edu/admissions/
165015,Brandeis University,https://www.brandeis.edu/admissions/
139199,Brenau University,https://www.brenau.edu/admissions/
198066,Brevard College,https://brevard.edu/admission-aid/
152992,Briar Cliff University,https://apply.briarcliff.edu/
231581,Bridgewater College,https://www.bridgewater.edu/admissions-aid/
165024,Bridgewater State University,https://www.bridgew.edu/admissions
217156,Brown University,https://admission.brown.edu/
217165,Bryant University,https://www.bryant.edu/undergraduate/undergraduate-admission
210492,Bryn Athyn College of the New Church,https://www.brynathyn.edu/admissions/
211273,Bryn Mawr College,https://www.brynmawr.edu/admissions-aid
211291,Bucknell University,https://www.bucknell.edu/admissions-aid
153001,Buena Vista University,https://www.bvu.edu/admissions
150163,Butler University,https://www.butler.edu/admission-aid/
215114,Cairn University-Langhorne,https://cairn.edu/admissions/
183910,Caldwell University,https://www.caldwell.edu/admissions/
110404,California Institute of Technology,https://www.admissions.caltech.edu/
110413,California Lutheran University,https://www.callutheran.edu/admission/
169080,Calvin University,https://calvin.edu/admissions
198136,Campbell University,https://apply.campbell.edu/portal/user-profile/login?ReturnUrl=https%3a%2f%2fapply.campbell.edu%2f
189705,Canisius University,https://www.canisius.edu/apply-to-canisius
201548,Capital University,https://www.capital.edu/admission-aid/
162061,Capitol Technology University,https://www.captechu.edu/admissions-and-financial-aid
173258,Carleton College,https://www.carleton.edu/admissions/
211431,Carlow University,https://www.carlow.edu/admissions-aid/admissions/
211440,Carnegie Mellon University,https://www.cmu.edu/admission/
180106,Carroll College,https://www.carroll.edu/admission-aid
238458,Carroll University,https://www.carrollu.edu/admission/
219806,Carson-Newman University,https://www.cn.edu/admissions-and-aid/
238476,Carthage College,https://www.carthage.edu/admissions/
201645,Case Western Reserve University,https://case.edu/admissions/
198215,Catawba College,https://www.catawba.edu/admissions/
211468,Cedar Crest College,https://www.cedarcrest.edu/admissions-and-aid/
201654,Cedarville University,https://www.cedarville.edu/admissions
158477,Centenary College of Louisiana,https://www.centenary.edu/admission/
183974,Centenary University,https://CentenaryUniversity.elluciancrmrecruit.com/Apply/Account/Login?ReturnUrl=%2fApply
128771,Central Connecticut State University,https://www.ccsu.edu/admissions
169248,Central Michigan University,https://fireup.cmich.edu/apply/
234827,Central Washington University,https://www.cwu.edu/admissions-aid/
156408,Centre College,https://www.centre.edu/admission-aid
141486,Chaminade University of Honolulu,https://chaminade.edu/admissions/
230852,Champlain College,https://www.champlain.edu/admissions/
111948,Chapman University,https://www.chapman.edu/admission/
111966,Charles R Drew University of Medicine and Science,https://www.cdrewu.edu/admissions/
217688,Charleston Southern University,https://www.charlestonsouthern.edu/admissions/
211556,Chatham University,https://www.chatham.edu/admission-and-aid/
211583,Chestnut Hill College,https://www.chc.edu/admissions-aid/
144005,Chicago State University,https://www.csu.edu/admissions/
198303,Chowan University,https://admissions.chowan.edu/
219833,Christian Brothers University,https://www.cbu.edu/apply/
231712,Christopher Newport University,https://cnu.edu/admission/
217873,Claflin University,https://apply.claflin.edu/
112260,Claremont McKenna College,https://www.cmc.edu/admission
138947,Clark Atlanta University,https://www.cau.edu/admissions
165334,Clark University,https://www.clarku.edu/admission/
190044,Clarkson University,https://www.clarkson.edu/admissions-aid
217882,Clemson University,https://www.clemson.edu/admissions/
202134,Cleveland State University,https://www.csuohio.edu/admissions
218724,Coastal Carolina University,https://www.coastal.edu/admissions/
153144,Coe College,https://www.coe.edu/admission
217907,Coker University,https://www.coker.edu/admissions/
161086,Colby College,https://afa.colby.edu/
182634,Colby-Sawyer College,https://apply.colby-sawyer.edu/
190099,Colgate University,https://www.colgate.edu/admission-aid
169442,College for Creative Studies,https://www.ccsdetroit.edu/admissions/
217819,College of Charleston,https://www.charleston.edu/admission/
174747,College of Saint Benedict,https://www.csbsju.edu/admission/
181604,College of Saint Mary,https://www.csm.edu/admissions/
160959,College of the Atlantic,https://www.coa.edu/admissions/
166124,College of the Holy Cross,https://college.holycross.edu/
126678,Colorado College,https://www.coloradocollege.edu/admission/
126775,Colorado School of Mines,https://admissions.mines.edu/
128106,Colorado State University Pueblo,https://www.csupueblo.edu/admissions/
126818,Colorado State University-Fort Collins,https://admissions.colostate.edu/
217934,Columbia College,https://www.columbiasc.edu/admissions
144281,Columbia College Chicago,https://www.colum.edu/admissions/
190150,Columbia University in the City of New York,https://www.college.columbia.edu/
237330,Concord University,https://www.concord.edu/admissions
173300,Concordia College at Moorhead,https://www.concordiacollege.edu/admission/
224004,Concordia University Texas,https://www.concordia.edu/admissions/
144351,Concordia University-Chicago,https://www.cuchicago.edu/admission-aid/
112075,Concordia University-Irvine,https://www.cui.edu/apply/
238616,Concordia University-Wisconsin,https://www.cuw.edu/admissions/
128902,Connecticut College,https://www.conncoll.edu/admission/
217961,Converse University,https://www.converse.edu/admissions/
162283,Coppin State University,https://www.coppin.edu/apply
210331,Corban University,https://www.corban.edu/admissions-aid/
153162,Cornell College,https://www.cornellcollege.edu/admissions
190415,Cornell University,https://admissions.cornell.edu/
170037,Cornerstone University,https://www.cornerstone.edu/admissions/
177117,Cottey College,https://cottey.edu/admission-team/
139393,Covenant College,https://www.covenant.edu/admissions/
181002,Creighton University,https://www.creighton.edu/admissions
177144,Culver-Stockton College,https://culver.edu/admissions/cost-financial-aid/
219949,Cumberland University,https://www.cumberland.edu/admissions/
165529,Curry College,https://www.curry.edu/admission-and-aid/undergraduate-admission
190716,D'Youville  University,https://www.dyu.edu/admissions
190725,Daemen University,https://www.daemen.edu/admissions
224226,Dallas Baptist University,https://www.dbu.edu/admissions/
182670,Dartmouth College,https://admissions.dartmouth.edu/
169479,Davenport University,https://www.davenport.edu/admissions-aid
198385,Davidson College,https://www.davidson.edu/admission-and-financial-aid
144740,DePaul University,https://www.depaul.edu/admission
150400,DePauw University,https://www.depauw.edu/admission-aid/
210739,DeSales University,https://www.desales.edu/admissions/
165574,Dean College,https://www.dean.edu/admissions/
202514,Defiance College,https://www.defiance.edu/admissions/
211981,Delaware Valley University,https://delval.edu/apply
212009,Dickinson College,https://www.dickinson.edu/admissions
158802,Dillard University,https://apply.dillard.edu/
148496,Dominican University,https://www.dom.edu/admission
190761,Dominican University New York,https://www.duny.edu/admissions/freshmen-admissions/
113698,Dominican University of California,https://www.dominican.edu/admissions
153269,Drake University,https://www.drake.edu/admission-aid/apply
212054,Drexel University,https://drexel.edu/admissions
177214,Drury University,https://www.drury.edu/admission/
198419,Duke University,https://admissions.duke.edu/
212106,Duquesne University,https://www.duq.edu/admission-and-aid/how-to-apply/undergraduate/index.php
150455,Earlham College,https://earlham.edu/admissions/
198464,East Carolina University,https://admissions.ecu.edu/
207041,East Central University,https://www.ecok.edu/admissions/
212115,East Stroudsburg University of Pennsylvania,https://www.esu.edu/admission-aid/index.php
224554,East Texas A&M University,https://www.etamu.edu/admissions/
224527,East Texas Baptist University,https://www.etbu.edu/admissions
129215,Eastern Connecticut State University,https://www.easternct.edu/admissions/
144892,Eastern Illinois University,https://www.eiu.edu/admissions/
232043,Eastern Mennonite University,https://emu.edu/admissions/
169798,Eastern Michigan University,https://www.emich.edu/admissions/
208646,Eastern Oregon University,https://www.eou.edu/admissions/
235097,Eastern Washington University,https://www.ewu.edu/apply/
133492,Eckerd College,https://www.eckerd.edu/admissions/
238661,Edgewood University,https://www.edgewood.edu/admissions/
198507,Elizabeth City State University,https://ecsu.edu/admissions/
144962,Elmhurst University,https://apply.elmhurst.edu/
190983,Elmira College,https://www.elmira.edu/admissions/overview
165662,Emerson College,https://emerson.edu/admission-aid/
165671,Emmanuel College,https://www.emmanuel.edu/admissions-aid/undergraduate/undergraduate-admissions
232025,Emory & Henry University,https://www.emoryhenry.edu/admission/
139658,Emory University,https://apply.emory.edu/index.html
144971,Eureka College,https://www.eureka.edu/apply
129242,Fairfield University,https://www.fairfield.edu/admission-and-aid/apply/
101189,Faulkner University,https://www.faulkner.edu/admissions/
184612,Felician University,https://felician.edu/admissions/
169910,Ferris State University,https://www.ferris.edu/admissions/
232089,Ferrum College,https://www.ferrum.edu/admissions-aid/
165802,Fisher College,https://www.fisher.edu/admissions-aid
220181,Fisk University,https://www.fisk.edu/admissions/
165820,Fitchburg State University,https://admissions.fitchburgstate.edu/apply/
133711,Flagler College,https://www.flagler.edu/admissions-aid
133650,Florida Agricultural and Mechanical University,https://admissions.famu.edu/
133669,Florida Atlantic University,https://admissions.fau.edu/apply/
433660,Florida Gulf Coast University,https://applynow.fgcu.edu/portal/Status
133881,Florida Institute of Technology,https://www.fit.edu/admission/
133951,Florida International University,https://admissions.fiu.edu/
482936,Florida Polytechnic University,https://apply.floridapoly.edu/apply-now/
134079,Florida Southern College,https://www.flsouthern.edu/admissions
134097,Florida State University,https://admissions.fsu.edu/
127185,Fort Lewis College,https://connect.fortlewis.edu/apply/
165866,Framingham State University,https://www.framingham.edu/admissions-aid/admissions/apply
160074,Franciscan Missionaries of Our Lady University,https://www.franu.edu/admissions/index.html
182795,Franklin Pierce University,https://franklinpierce.edu/admissions/
441982,Franklin W Olin College of Engineering,https://www.olin.edu/admission
212577,Franklin and Marshall College,https://www.fandm.edu/admissions
114813,Fresno Pacific University,https://www.fresno.edu/admission
162584,Frostburg State University,https://www.frostburg.edu/admissions-and-cost/index.php
218070,Furman University,https://www.furman.edu/admissions-aid/
212601,Gannon University,https://apply2.gannon.edu/portal/apply
198561,Gardner-Webb University,https://gardner-webb.edu/admissions-aid/
212656,Geneva College,https://www.geneva.edu/admissions/
208822,George Fox University,https://www.georgefox.edu/admission/index.html
232186,George Mason University,https://www.gmu.edu/admissions-aid
131469,George Washington University,https://www.gwu.edu/undergraduate-admissions
156745,Georgetown College,https://www.georgetowncollege.edu/admissions/
131496,Georgetown University,https://www.georgetown.edu/admissions/
139861,Georgia College & State University,https://www.gcsu.edu/admissions
139755,Georgia Institute of Technology-Main Campus,https://admission.gatech.edu/
139931,Georgia Southern University,https://www.georgiasouthern.edu/admissions-aid
139940,Georgia State University,https://admissions.gsu.edu/
184773,Georgian Court University,https://georgian.edu/admissions/
212674,Gettysburg College,https://www.gettysburg.edu/admissions-aid/
130989,Goldey-Beacom College,https://www.gbc.edu/admissions-aid/
235316,Gonzaga University,https://www.gonzaga.edu/admission
165936,Gordon College,https://www.gordon.edu/admissions
145336,Governors State University,https://www.govst.edu/admissions
150677,Grace College and Theological Seminary,https://www.grace.edu/admissions/
153366,Graceland University-Lamoni,https://www.graceland.edu/admissions-aid/
104717,Grand Canyon University,https://apply.gcu.edu/Account/Login
170082,Grand Valley State University,https://www.gvsu.edu/admissions
153375,Grand View University,https://apply.grandview.edu/apply/
198598,Greensboro College,https://www.greensboro.edu/admissions/
145372,Greenville University,https://www.greenville.edu/admissions
153384,Grinnell College,https://www.grinnell.edu/admission/apply
198613,Guilford College,https://www.guilford.edu/admissions
173647,Gustavus Adolphus College,https://gustavus.edu/admission-aid
212832,Gwynedd Mercy University,https://www.gmercyu.edu/admissions-aid/
173665,Hamline University,https://www.hamline.edu/admission-aid/admission
232256,Hampden-Sydney College,https://www.hsc.edu/apply
232265,Hampton University,https://home.hamptonu.edu/admissions/
150756,Hanover College,https://www.hanover.edu/admission/
225247,Hardin-Simmons University,https://www.hsutx.edu/admissions/
446640,Harrisburg University of Science and Technology,https://www.harrisburgu.edu/admissions/
191533,Hartwick College,https://www.hartwick.edu/admissions/
166027,Harvard University,https://college.harvard.edu/
115409,Harvey Mudd College,https://hmc.college-tour.com/
181127,Hastings College,https://www.hastings.edu/admissions/
212911,Haverford College,https://www.haverford.edu/admission
141644,Hawaii Pacific University,https://www.hpu.edu/admissions/
203085,Heidelberg University,https://www.heidelberg.edu/admission-aid/undergraduate-admission
166054,Hellenic College-Holy Cross Greek Orthodox School of Theology,https://www.hchc.edu/admissions-apply/
107080,Hendrix College,https://via.hendrix.edu/admission-aid/
198695,High Point University,https://www.highpoint.edu/admissions/
191621,Hilbert College,https://www.hilbert.edu/apply/
170286,Hillsdale College,https://www.hillsdale.edu/admissions-aid/admissions-2/
191649,Hofstra University,https://admissions.hofstra.edu/
232308,Hollins University,https://www.hollins.edu/admission-aid/
150774,Holy Cross College,https://www.hcc-nd.edu/admissions/
162760,Hood College,https://www.hood.edu/admission-aid
170301,Hope College,https://hope.edu/admissions/
191676,Houghton University,https://www.houghton.edu/undergraduate/admission/
225399,Houston Christian University,https://hc.edu/admissions/
131520,Howard University,https://admission.howard.edu/
150941,Huntington University,https://www.huntington.edu/admissions
487524,Husson University,https://www.husson.edu/admissions/
145691,Illinois College,https://apply.ic.edu/
145725,Illinois Institute of Technology,https://www.iit.edu/admissions-aid
145813,Illinois State University,https://illinoisstate.edu/admissions/
145646,Illinois Wesleyan University,https://www.iwu.edu/admissions/
213011,Immaculata University,https://www.immaculata.edu/admissions/
151324,Indiana State University,https://www.indianastate.edu/admissions
151111,Indiana University-Indianapolis,https://indianapolis.iu.edu/admissions/
151360,Indiana University-Northwest,https://northwest.iu.edu/admissions/
151379,Indiana University-Southeast,https://southeast.iu.edu/admissions/
191931,Iona University,https://www.iona.edu/admissions-financial-aid
153603,Iowa State University,https://www.iastate.edu/admission-and-aid/apply
191968,Ithaca College,https://www.ithaca.edu/admission
175856,Jackson State University,https://www.jsums.edu/admissions/
203368,John Carroll University,https://www.jcu.edu/admission-aid/
162928,Johns Hopkins University,https://apply.jhu.edu/
217235,Johnson & Wales University-Providence,https://apply.jwu.edu/
198756,Johnson C Smith University,https://www.jcsu.edu/admissions
170532,Kalamazoo College,https://admission.kzoo.edu/
177746,Kansas City Art Institute,https://kcai.edu/admissions-aid/
155399,Kansas State University,https://apply2.ksu.edu/portal/undergraduate
185262,Kean University,https://cougarapp.kean.edu/portal/login
183062,Keene State College,https://www.keene.edu/admissions
486840,Kennesaw State University,https://www.kennesaw.edu/admissions/
203517,Kent State University at Kent,https://www.kent.edu/admissions
203535,Kenyon College,https://www.kenyon.edu/admissions-aid/
169983,Kettering University,https://www.kettering.edu/admissions-aid
192192,Keuka College,https://admissions.keuka.edu/
213303,Keystone College,https://admissions.keystone.edu/
146427,Knox College,https://www.knox.edu/admission
213349,Kutztown University of Pennsylvania,https://www.kutztown.edu/admissions.html
213358,La Roche University,https://laroche.edu/admissions/
213367,La Salle University,https://www.lasalle.edu/admissions-and-aid/
117627,La Sierra University,https://admissions.lasierra.edu/
213385,Lafayette College,https://admissions.lafayette.edu/
146481,Lake Forest College,https://admissions.lakeforest.edu/
170639,Lake Superior State University,https://www.lssu.edu/admissions/
226091,Lamar University,https://www.lamar.edu/admissions/
218229,Lander University,https://admissions.lander.edu/portal/apply
166391,Lasell University,https://www.lasell.edu/admissions/undergraduate-admission.html
170675,Lawrence Technological University,https://ltu.edu/admissions/
239017,Lawrence University,https://www.lawrence.edu/admissions-aid/
192323,Le Moyne College,https://www.lemoyne.edu/admission-financial-aid/
226231,LeTourneau University,https://admissions.letu.edu/s/
213507,Lebanon Valley College,https://www.lvc.edu/admission-aid/
198808,Lees-McRae College,https://www.lmc.edu/admissions/index.htm
213543,Lehigh University,https://www2.lehigh.edu/admissions
198835,Lenoir-Rhyne University,https://www.lr.edu/admission
166452,Lesley University,https://apply.lesley.edu/
209056,Lewis & Clark College,https://college.lclark.edu/offices/admissions/
232557,Liberty University,https://apply.liberty.edu/
140252,Life University,https://life.elluciancrmrecruit.com/Apply/Account/Login?ReturnUrl=%2fApply%2f
220631,Lincoln Memorial University,https://www.lmunet.edu/admissions
177968,Lindenwood University,https://slateapp.lindenwood.edu/apply/
209065,Linfield University,https://www.linfield.edu/admission/
219976,Lipscomb University,https://lipscomb.edu/admission
192448,Long Island University,https://www.liu.edu/admissions
232566,Longwood University,https://www.longwood.edu/admissions/
153825,Loras College,https://loras.edu/admission/
117946,Loyola Marymount University,https://admission.lmu.edu/
146719,Loyola University Chicago,https://www.luc.edu/admissions-aid/
163046,Loyola University Maryland,https://www.loyola.edu/admission/undergraduate/
159656,Loyola University New Orleans,https://www.loyno.edu/admissions
226383,Lubbock Christian University,https://lcu.edu/admissions
153834,Luther College,https://www.luther.edu/admission-aid
213668,Lycoming College,https://www.lycoming.edu/admissions/
132657,Lynn University,https://www.lynn.edu/admission
106342,Lyon College,https://www.lyon.edu/admissions
173902,Macalester College,https://www.macalester.edu/admissions/
170806,Madonna University,https://www.madonna.edu/admissions/
161509,Maine College of Art & Design,https://meca.edu/admissions/
161299,Maine Maritime Academy,https://mainemaritime.edu/admissions/
203775,Malone University,https://www.malone.edu/admissions-and-aid/
151777,Manchester University,https://www.manchester.edu/admissions-aid/
192703,Manhattan University,https://manhattan.edu/admissions
192749,Manhattanville University,https://www.mville.edu/admissions-and-aid/admissions/
151786,Marian University,https://www.marian.edu/admissions/
239080,Marian University,https://www.marianuniversity.edu/admission/
203845,Marietta College,https://www.marietta.edu/future-students
192819,Marist University,https://www.marist.edu/undergraduate-admission
239105,Marquette University,https://www.marquette.edu/admissions/
237525,Marshall University,https://marshalluniversity2.my.site.com/ApplicantPortal/s/login/SelfRegister
232672,Mary Baldwin University,https://marybaldwin.edu/admissions-aid/
163295,Maryland Institute College of Art,https://www.mica.edu/admissions/
232706,Marymount University,https://marymount.edu/admissions/
213826,Marywood University,https://www.marywood.edu/admissions/
166674,Massachusetts College of Art and Design,https://massart.edu/admissions
167288,Massachusetts College of Liberal Arts,https://admissions.mcla.edu/
166656,Massachusetts College of Pharmacy and Health Sciences,https://www.mcphs.edu/admission-and-aid/apply
166692,Massachusetts Maritime Academy,https://www.maritime.edu/undergraduate-admissions
164270,McDaniel College,https://www.mcdaniel.edu/admissions-cost/undergraduate-admissions
147013,McKendree University,https://mckendree.elluciancrmrecruit.com/Apply/Account/Login?ReturnUrl=%2fapply
226587,McMurry University,https://mcm.edu/admissions-overview/
155511,McPherson College,https://www.mcpherson.edu/admissions/
118693,Menlo College,https://www.menlo.edu/admissions-aid/
140447,Mercer University,https://undergrad.mercer.edu/apply-now/
193016,Mercy University,https://www.mercy.edu/admissions-aid
213987,Mercyhurst University,https://apply.mercyhurst.edu/
198950,Meredith College,https://www.meredith.edu/admissions
166850,Merrimack College,https://www.merrimack.edu/admission/
213996,Messiah University,https://www.messiah.edu/undergraduate-admissions/
198969,Methodist University,https://apply.methodist.edu/
190114,Metropolitan College of New York,https://apply.mcny.edu/
127565,Metropolitan State University of Denver,https://www.msudenver.edu/admissions/
171100,Michigan State University,https://admissions.msu.edu/
171128,Michigan Technological University,https://www.mtu.edu/admissions/
157377,Midway University,https://Midway.elluciancrmrecruit.com/Apply/Account/Login?ReturnUrl=%2fApply
226833,Midwestern State University,https://www.msutexas.edu/admissions/
214041,Millersville University of Pennsylvania,https://www.millersville.edu/admissions/
486901,Milligan University,https://admission.milligan.edu/
147244,Millikin University,https://millikin.edu/admission/admission-information
175980,Millsaps College,https://millsaps.edu/admissions/
239309,Milwaukee Institute of Art & Design,https://apply.miad.edu/
239318,Milwaukee School of Engineering,https://www.msoe.edu/admissions-aid/
484844,Minerva University,https://www.minerva.edu/undergraduate/admissions/
174127,Minneapolis College of Art and Design,https://www.mcad.edu/admissions-aid
214069,Misericordia University,https://www.misericordia.edu/admissions
176053,Mississippi Christian University,https://apply.mc.edu/
176080,Mississippi State University,https://www.admissions.msstate.edu/
178341,Missouri Southern State University,https://www.mssu.edu/admissions/
179566,Missouri State University-Springfield,https://www.missouristate.edu/admissions/
178411,Missouri University of Science and Technology,https://futurestudents.mst.edu/
178387,Missouri Western State University,https://www.missouriwestern.edu/admissions/
129774,Mitchell College,https://mitchell.edu/admissions/
193292,Molloy University,https://apply.molloy.edu/
147341,Monmouth College,https://www.monmouthcollege.edu/admission/
185572,Monmouth University,https://www.monmouth.edu/admission
180461,Montana State University,https://admissions.montana.edu/portal/user-profile/login?ReturnUrl=https%3a%2f%2fadmissions.montana.edu%2f
180179,Montana State University Billings,https://www.msubillings.edu/apply/
185590,Montclair State University,https://www.montclair.edu/admissions-aid/undergraduate-admissions
199032,Montreat College,https://apply.montreat.edu/
166911,Montserrat College of Art,https://www.montserrat.edu/admissions/
214148,Moore College of Art and Design,https://moore.edu/admissions-aid/
214157,Moravian University,https://apply.moravian.edu/
157386,Morehead State University,https://admissions.moreheadstate.edu/
140553,Morehouse College,https://morehouse.edu/admissions
163453,Morgan State University,https://undergrad.morgan.edu/
154004,Morningside University,https://www.morningside.edu/admissions
140571,Morris Brown College,https://morrisbrown.edu/admissions/
166939,Mount Holyoke College,https://www.mtholyoke.edu/admission
219198,Mount Marty University,https://www.mountmarty.edu/admission
239390,Mount Mary University,https://mtmary.edu/admissions-and-aid/admissions/admissions-main.html
193353,Mount Saint Mary College,https://www.msmc.edu/admissions-aid/
204200,Mount St. Joseph University,https://www.msj.edu/admission/
204194,Mount Vernon Nazarene University,https://mvnu.edu/admissions/
214175,Muhlenberg College,https://www.muhlenberg.edu/admissions-aid/
204264,Muskingum University,https://www.muskingum.edu/admission
147536,National Louis University,https://nl.edu/apply-now/
193584,Nazareth University,https://www2.naz.edu/admissions
181446,Nebraska Wesleyan University,https://www.nebrwesleyan.edu/admissions
214272,Neumann University,https://www.neumann.edu/admissions
262129,New College of Florida,https://apply.ncf.edu/apply/
182980,New England College,https://apply.nec.edu/
185828,New Jersey Institute of Technology,https://connect.njit.edu/apply/
187967,New Mexico Institute of Mining and Technology,https://www.nmt.edu/admission/
188030,New Mexico State University-Main Campus,https://admissions.nmsu.edu/
194091,New York Institute of Technology,https://www.nyit.edu/admissions/
496803,NewU University,https://newu.university/apply-now/
218414,Newberry College,https://www.newberry.edu/admission
193973,Niagara University,https://www.niagara.edu/admissions/
167260,Nichols College,https://www.nichols.edu/admissions/
232937,Norfolk State University,https://www.nsu.edu/admissions
199102,North Carolina A & T State University,https://www.ncat.edu/admissions/
199157,North Carolina Central University,https://www.nccu.edu/admissions
199193,North Carolina State University at Raleigh,https://admissions.ncsu.edu/
199209,North Carolina Wesleyan University,https://ncwu.edu/admissions/
147660,North Central College,https://www.northcentralcollege.edu/admissions
147679,North Park University,https://www.northpark.edu/admissions-aid/
147776,Northeastern Illinois University,https://www.neiu.edu/admissions
207263,Northeastern State University,https://offices.nsuok.edu/admissions/
167358,Northeastern University,https://admissions.northeastern.edu/
105330,Northern Arizona University,https://nau.edu/admissions/
147703,Northern Illinois University,https://admission.niu.edu/admissions/
157447,Northern Kentucky University,https://www.nku.edu/admissions-aid/
171456,Northern Michigan University,https://apply.nmu.edu/
178624,Northwest Missouri State University,https://apply.nwmissouri.edu/
236133,Northwest University,https://www.northwestu.edu/admissions
147767,Northwestern University,https://admissions.northwestern.edu/
171492,Northwood University,https://www.northwood.edu/admissions/
230995,Norwich University,https://www.norwich.edu/admissions-and-aid
163578,Notre Dame of Maryland University,https://ndm.edu/admissions/
136215,Nova Southeastern University,https://nova.elluciancrmrecruit.com/Apply/Account/Login?ReturnUrl=%2fApply
120254,Occidental College,https://www.oxy.edu/admission-aid
140696,Oglethorpe University,https://oglethorpe.edu/admission
204617,Ohio Dominican University,https://www.ohiodominican.edu/admissions/
204635,Ohio Northern University,https://www.onu.edu/admissions-aid
204796,Ohio State University-Main Campus,https://undergrad.osu.edu/apply
204857,Ohio University-Main Campus,https://www.ohio.edu/admissions/
204909,Ohio Wesleyan University,https://www.owu.edu/admission/
207403,Oklahoma Baptist University,https://www.okbu.edu/admissions/
207324,Oklahoma Christian University,https://www.oc.edu/admissions
232982,Old Dominion University,https://www.odu.edu/admissions
207582,Oral Roberts University,https://oru.edu/admissions/
209542,Oregon State University,https://admissions.oregonstate.edu/
120403,Otis College of Art and Design,https://www.otis.edu/admissions-aid/index.html
204936,Otterbein University,https://www.otterbein.edu/apply/admissions-counselors/
107512,Ouachita Baptist University,https://obu.edu/admissions/
194310,Pace University,https://www.pace.edu/admission-and-aid
236230,Pacific Lutheran University,https://www.plu.edu/admission/
136330,Palm Beach Atlantic University,https://www.pba.edu/admissions/
498571,Pennsylvania Western University,https://www.pennwest.edu//admissions/
121150,Pepperdine University,https://admission.pepperdine.edu/
199306,Pfeiffer University,https://apply.pfeiffer.edu/
140818,Piedmont University,https://www.piedmont.edu/admissions-aid/apply/admissions-advisors/
121257,Pitzer College,https://www.pitzer.edu/admission-aid
183080,Plymouth State University,https://www.plymouth.edu/admissions
121309,Point Loma Nazarene University,https://www.pointloma.edu/undergraduate
215442,Point Park University,https://www.pointpark.edu/admissions/index
121345,Pomona College,https://www.pomona.edu/admissions
209807,Portland State University,https://insideportlandstate.pdx.edu/
194578,Pratt Institute-Main,https://www.pratt.edu/admissions/
218539,Presbyterian College,https://www.presby.edu/admissions/
105589,Prescott College,https://prescott.edu/admissions/
186131,Princeton University,https://admission.princeton.edu/
148016,Principia College,https://www.principiacollege.edu/admissions
217402,Providence College,https://admission.providence.edu/
151102,Purdue University Fort Wayne,https://www.pfw.edu/admissions-financial-aid/admissions
490805,Purdue University Northwest,https://www.pnw.edu/admissions
243780,Purdue University-Main Campus,https://admissions.purdue.edu/
199412,Queens University of Charlotte,https://www.queens.edu/admissions/
130226,Quinnipiac University,https://www.qu.edu/admissions
233277,Radford University,https://www.radford.edu/admissions/
186201,Ramapo College of New Jersey,https://www.ramapo.edu/admissions/
233295,Randolph-Macon College,https://www.rmc.edu/admissions-and-aid/
209922,Reed College,https://www.reed.edu/admission-aid/
231651,Regent University,https://apply.regent.edu/
167598,Regis College,https://www.regiscollege.edu/admissions
127918,Regis University,https://www.regis.edu/admissions/
194824,Rensselaer Polytechnic Institute,https://gradadmissions.rpi.edu/
217420,Rhode Island College,https://www.ric.edu/admissions-financial-aid
217493,Rhode Island School of Design,https://www.risd.edu/admissions
221351,Rhodes College,https://www.rhodes.edu/admission-aid
227757,Rice University,https://admission.rice.edu/
186283,Rider University,https://www.rider.edu/admissions
136774,Ringling College of Art and Design,https://www.ringling.edu/admissions/
183211,Rivier University,https://apply.rivier.edu/
233426,Roanoke College,https://www.roanoke.edu/admissions
215655,Robert Morris University,https://www.rmu.edu/admissions
194958,Roberts Wesleyan University,https://www.roberts.edu/admissions
170967,Rochester Christian University,https://rcu.edu/admissions/
195003,Rochester Institute of Technology,https://www.rit.edu/admissions/
148405,Rockford University,https://www.rockford.edu/admission/
217518,Roger Williams University,https://www.rwu.edu/undergraduate/admission-aid
136950,Rollins College,https://www.rollins.edu/apply/
148487,Roosevelt University,https://www.roosevelt.edu/admission
152318,Rose-Hulman Institute of Technology,https://www.rose-hulman.edu/admissions-and-aid/index.html?utm_source=dynamic&utm_medium=redirect_admissions&utm_campaign=301
184782,Rowan University,https://admissions.rowan.edu/
196130,SUNY Buffalo State University,https://suny.buffalostate.edu/admissions
196167,SUNY College at Geneseo,https://www.geneseo.edu/admissions
196103,SUNY College of Environmental Science and Forestry,https://www.esf.edu/admissions/
196015,SUNY College of Technology at Canton,https://www.canton.edu/admissions/
196291,SUNY Maritime College,https://www.sunymaritime.edu/admissions
196185,SUNY Oneonta,https://suny.oneonta.edu/admissions
130253,Sacred Heart University,https://apply2.sacredheart.edu/apply/
183239,Saint Anselm College,https://www.anselm.edu/admission
186618,Saint Elizabeth University,https://www.steu.edu/admissions
215743,Saint Francis University,https://www.francis.edu/admissions
161518,Saint Joseph's College of Maine,https://www.sjcme.edu/admissions/
215770,Saint Joseph's University - Philadelphia,https://www.sju.edu/admission/undergraduate
137032,Saint Leo University,https://www.saintleo.edu/admissions
179159,Saint Louis University,https://www.slu.edu/admission/
236452,Saint Martin's University,https://www.stmartin.edu/admissions-financial-aid
123554,Saint Mary's College of California,https://www.stmarys-ca.edu/admissions-aid
174817,Saint Mary's University of Minnesota,https://www.smumn.edu/admissions
152381,Saint Mary-of-the-Woods College,https://apply.smwc.edu/
186432,Saint Peter's University,https://www.saintpeters.edu/admissions/
215798,Saint Vincent College,https://www.stvincent.edu/admission-aid/index.html
148627,Saint Xavier University,https://www.sxu.edu/admission/index.html
199607,Salem College,https://www.salem.edu/admissions/choose-salem/
167729,Salem State University,https://www.salemstate.edu/admissions
163851,Salisbury University,https://www.salisbury.edu/admissions/
217536,Salve Regina University,https://salve.edu/admissions
227881,Sam Houston State University,https://www.shsu.edu/admissions/
102049,Samford University,https://www.samford.edu/admissions
120166,San Francisco Bay University,https://www.sfbu.edu/admissions
122931,Santa Clara University,https://slate.scu.edu/apply/
195304,Sarah Lawrence College,https://www.sarahlawrence.edu/admissions/
494542,Sattler College,https://apply.sattler.edu/
140951,Savannah College of Art and Design,https://www.scad.edu/admission/apply
140960,Savannah State University,https://savannahstate.edu/admissions/
197151,School of Visual Arts,https://sva.edu/admissions
143048,School of the Art Institute of Chicago,https://www.saic.edu/admissions
228042,Schreiner University,https://schreiner.edu/admissions/
123165,Scripps College,https://www.scrippscollege.edu/admission/
236577,Seattle Pacific University,https://spu.edu/undergraduate-admissions
236595,Seattle University,https://www.seattleu.edu/admissions-aid/
186584,Seton Hall University,https://www.shu.edu/undergraduate-admissions/
215947,Seton Hill University,https://www.setonhill.edu/apply-afford/applying-to-seton-hill/
199643,Shaw University,https://www.shawu.edu/admissions-aid/
205443,Shawnee State University,https://www.shawnee.edu/admission
233541,Shenandoah University,https://www.su.edu/admissions/
237792,Shepherd University,https://www.shepherd.edu/admissions
216010,Shippensburg University of Pennsylvania,https://www.ship.edu/admissions/
167783,Simmons University,https://www.simmons.edu/admission-aid/application-process
154350,Simpson College,https://simpson.edu/admissions-aid/
123457,Simpson University,https://simpsonu.edu/admissions/
195526,Skidmore College,https://www.skidmore.edu/admissions/
167835,Smith College,https://www.smith.edu/admission-aid
399911,Soka University of America,https://www.soka.edu/admissions-aid
179557,Southeast Missouri State University,https://apply.semo.edu/
130493,Southern Connecticut State University,https://www.southernct.edu/admissions
149231,Southern Illinois University Edwardsville,https://www.siue.edu/admissions/
149222,Southern Illinois University-Carbondale,https://siu.edu/admissions/
228246,Southern Methodist University,https://www.smu.edu/admission
206862,Southern Nazarene University,https://www.snu.edu/undergraduate-admissions/
183026,Southern New Hampshire University,https://admission.snhu.edu/s/
210146,Southern Oregon University,https://sou.edu/admissions/
160621,Southern University and A & M College,https://www.subr.edu/admission
160630,Southern University at New Orleans,https://www.suno.edu/admission
230603,Southern Utah University,https://www.suu.edu/admissions/
179326,Southwest Baptist University,https://www.sbuniv.edu/admissions/
228343,Southwestern University,https://www.southwestern.edu/admission/
157757,Spalding University,https://spalding.edu/apply/
141060,Spelman College,https://www.spelman.edu/admissions/
102234,Spring Hill College,https://apply.shc.edu/
167899,Springfield College,https://springfield.edu/admissions
195164,St Bonaventure University,https://www.sbu.edu/admissions
175005,St Catherine University,https://www.stkate.edu/admission-and-aid
195216,St Lawrence University,https://www.stlawu.edu/admissions
174844,St Olaf College,https://wp.stolaf.edu/admissions
195173,St. Francis College,https://www.sfc.edu/admissions-aid
163976,St. John's College,https://www.sjc.edu/admissions-and-aid
245652,St. John's College,https://www.sjc.edu/admissions-and-aid
195809,St. John's University-New York,https://www.stjohns.edu/admission
163912,St. Mary's College of Maryland,https://www.smcm.edu/admissions/
228149,St. Mary's University,https://www.stmarytx.edu/admission/
195243,St. Thomas Aquinas College,https://stac.edu/admissions-aid/
137476,St. Thomas University,https://apply.stu.edu/portal/apply
243744,Stanford University,https://admission.stanford.edu/
228431,Stephen F Austin State University,https://www.sfasu.edu/admissions
179548,Stephens College,https://stephens.edu/admissions-aid/
186867,Stevens Institute of Technology,https://www.stevens.edu/admissions
164173,Stevenson University,https://www.stevenson.edu/admissions-aid/
186876,Stockton University,https://www.stockton.edu/admissions/index.html?utm_source=subdomain&utm_medium=collateral&utm_campaign=admissions
167996,Stonehill College,https://www.stonehill.edu/apply-for-admission/
168005,Suffolk University,https://www.suffolk.edu/admission
216287,Swarthmore College,https://www.swarthmore.edu/admissions-aid
233718,Sweet Briar College,https://www.sbc.edu/admissions/
196413,Syracuse University,https://www.syracuse.edu/admissions-aid/
228529,Tarleton State University,https://www.tarleton.edu/admissions/
152530,Taylor University,https://admissions.taylor.edu/
216339,Temple University,https://admissions.temple.edu/
221838,Tennessee State University,https://www.tnstate.edu/admissions/
224147,Texas A & M University-Corpus Christi,https://undergrad.tamucc.edu/
228875,Texas Christian University,https://admissions.tcu.edu/
228981,Texas Lutheran University,https://www.tlu.edu/admissions/
228459,Texas State University,https://www.admissions.txst.edu/
229115,Texas Tech University,https://www.ttu.edu/admissions/
229160,Texas Wesleyan University,https://www.txwes.edu/admissions
229179,Texas Woman's University,https://twu.edu/admissions/
131283,The Catholic University of America,https://www.catholic.edu/admission-aid
142294,The College of Idaho,https://collegeofidaho.edu/apply/
187134,The College of New Jersey,https://admissions.tcnj.edu/
206589,The College of Wooster,https://wooster.edu/admissions
190372,The Cooper Union for the Advancement of Science and Art,https://cooper.edu/admissions
235167,The Evergreen State College,https://www.evergreen.edu/admissions-and-aid
117751,The Master's University and Seminary,https://www.masters.edu/admissions-aid/
193654,The New School,https://www.newschool.edu/admission/
100751,The University of Alabama,https://admissions.ua.edu/
202763,The University of Findlay,https://www.findlay.edu/admissions-aid/
180489,The University of Montana,https://www.umt.edu/admissions/
137847,The University of Tampa,https://www.ut.edu/admissions
220701,The University of Tennessee Southern,https://apply.utsouthern.edu/
221740,The University of Tennessee-Chattanooga,https://apply.utc.edu/portal/user-profile/login?ReturnUrl=https%3a%2f%2fapply.utc.edu%2f
221759,The University of Tennessee-Knoxville,https://admissions.utk.edu/
221768,The University of Tennessee-Martin,https://www.utm.edu/admissions-and-aid/
229018,The University of Texas Permian Basin,https://www.utpb.edu/admissions-aid/
228769,The University of Texas at Arlington,https://www.uta.edu/admissions
228778,The University of Texas at Austin,https://admissions.utexas.edu/
228787,The University of Texas at Dallas,https://enroll.utdallas.edu/
228796,The University of Texas at El Paso,https://www.utep.edu/admissions/
229027,The University of Texas at San Antonio,https://future.utsa.edu/apply/
216357,Thiel College,https://www.thiel.edu/admissions
161563,Thomas College,https://www.thomas.edu/admissions-aid/
216366,Thomas Jefferson University,https://www.jefferson.edu/admissions.html
157809,Thomas More University,https://www.thomasmore.edu/admissions
206048,Tiffin University,https://www.tiffin.edu/admissions/
164076,Towson University,https://www.towson.edu/admissions/
157818,Transylvania University,https://www.transy.edu/admission/
221892,Trevecca Nazarene University,https://trevecca.elluciancrmrecruit.com/Apply/Account/Login/
152567,Trine University,https://www.trine.edu/admission-aid/index.aspx
130590,Trinity College,https://www.trincoll.edu/admissions/
131876,Trinity Washington University,https://www2.trinitydc.edu/admissions/
178615,Truman State University,https://www.truman.edu/admission-cost/forms/admission-casting-call/
168148,Tufts University,https://admissions.tufts.edu/
160755,Tulane University of Louisiana,https://admission.tulane.edu/
221953,Tusculum University,https://site.tusculum.edu/apply-visit/apply/
102377,Tuskegee University,https://www.tuskegee.edu/admissions/
196866,Union College,https://www.union.edu/admissions
100663,University of Alabama at Birmingham,https://www.uab.edu/admissions/
100706,University of Alabama in Huntsville,https://www.uah.edu/admissions
102614,University of Alaska Fairbanks,https://www.uaf.edu/admissions/
104179,University of Arizona,https://www.arizona.edu/admissions
106397,University of Arkansas,https://admissions.uark.edu/
128744,University of Bridgeport,https://www.bridgeport.edu/admissions/
106704,University of Central Arkansas,https://uca.edu/admissions/
132903,University of Central Florida,https://undergrad.ucf.edu/
176965,University of Central Missouri,https://www.ucmo.edu/future-students/admissions/index.php
237312,University of Charleston,https://www.ucwv.edu/admissions/
144050,University of Chicago,https://www.uchicago.edu/admissions
201885,University of Cincinnati-Main Campus,https://www.admissions.uc.edu/
126614,University of Colorado Boulder,https://www.colorado.edu/admissions
126580,University of Colorado Colorado Springs,https://www.uccs.edu/admissions-aid
126562,University of Colorado Denver/Anschutz Medical Campus,https://www.cudenver.edu/admissions
129020,University of Connecticut,https://admissions.uconn.edu/
224323,University of Dallas,https://udallas.edu/admissions-aid/
202480,University of Dayton,https://udayton.edu/apply/
130943,University of Delaware,https://www.udel.edu/apply/undergraduate-admissions/
153278,University of Dubuque,https://universityofdubuque.my.site.com/apply/
150534,University of Evansville,https://www.evansville.edu/admission/
134130,University of Florida,https://admissions.ufl.edu/
139959,University of Georgia,https://admissions.uga.edu/
129525,University of Hartford,https://www.hartford.edu/admission/
160065,University of Holy Cross,https://uhcno.edu/admissions/
225511,University of Houston,https://www.uh.edu/undergraduate-admissions/apply/
142285,University of Idaho,https://www.uidaho.edu/admissions-apply
145600,University of Illinois Chicago,https://admissions.uic.edu/
148654,University of Illinois Springfield,https://www.uis.edu/admission-aid
145637,University of Illinois Urbana-Champaign,https://www.admissions.illinois.edu/
151263,University of Indianapolis,https://uindy.edu/admissions/
153658,University of Iowa,https://admissions.uiowa.edu/
155317,University of Kansas,https://admissions.ku.edu/
157085,University of Kentucky,https://admission.uky.edu/
232609,University of Lynchburg,https://www.lynchburg.edu/admissions/
161253,University of Maine,https://umaine.edu/admissions/
161217,University of Maine at Augusta,https://www.uma.edu/admission/
161341,University of Maine at Presque Isle,https://www.umpi.edu/admissions/
226471,University of Mary Hardin-Baylor,https://www.umhb.edu/admissions/home
232681,University of Mary Washington,https://www.umw.edu/admissions/
163338,University of Maryland Eastern Shore,https://www.umes.edu/admissions/
166629,University of Massachusetts-Amherst,https://www.umass.edu/admissions
166638,University of Massachusetts-Boston,https://www.umb.edu/admissions/
167987,University of Massachusetts-Dartmouth,https://www.umassd.edu/admissions/
166513,University of Massachusetts-Lowell,https://www.uml.edu/admissions/
220862,University of Memphis,https://www.memphis.edu/admissions/
135726,University of Miami,https://admissions.miami.edu/undergraduate/index.html
171137,University of Michigan-Dearborn,https://umdearborn.my.salesforce.com/0I4Ht000000oM1a
171146,University of Michigan-Flint,https://umflint.my.site.com/apply/
174233,University of Minnesota-Duluth,https://admissions.d.umn.edu/
174251,University of Minnesota-Morris,https://morris.umn.edu/apply
178402,University of Missouri-Kansas City,https://www.umkc.edu/admissions/
178420,University of Missouri-St Louis,https://www.umsl.edu/admissions/
193399,University of Mount Saint Vincent,https://mountsaintvincent.edu/admission/
204185,University of Mount Union,https://www.mountunion.edu/admission
181464,University of Nebraska-Lincoln,https://admissions.unl.edu/
182281,University of Nevada-Las Vegas,https://www.unlv.edu/admissions
182290,University of Nevada-Reno,https://www.unr.edu/admissions
161457,University of New England,https://www.une.edu/admissions
183044,University of New Hampshire-Main Campus,https://admissions.unh.edu/
129941,University of New Haven,https://www.newhaven.edu/admissions/undergraduate/index.php
187985,University of New Mexico-Main Campus,https://admissions.unm.edu/
199111,University of North Carolina Asheville,https://www.unca.edu/admission/apply/
199218,University of North Carolina Wilmington,https://www.uncw.edu/admissions/
199120,University of North Carolina at Chapel Hill,https://admissions.unc.edu/
199139,University of North Carolina at Charlotte,https://admissions.charlotte.edu/
199281,University of North Carolina at Pembroke,https://www.uncp.edu/admissions/index.html
200280,University of North Dakota,https://und.edu/admissions/index.html
136172,University of North Florida,https://www.unf.edu/admissions/
482680,University of North Georgia,https://ung.edu/admissions/
227216,University of North Texas,https://www.unt.edu/admissions/
127741,University of Northern Colorado,https://www.unco.edu/admissions-aid/
154095,University of Northern Iowa,https://admissions.uni.edu/
152080,University of Notre Dame,https://admissions.nd.edu/
209551,University of Oregon,https://www.uoregon.edu/admissions/
215062,University of Pennsylvania,https://admissions.upenn.edu/
209825,University of Portland,https://college.up.edu/
236328,University of Puget Sound,https://www.pugetsound.edu/admission
121691,University of Redlands,https://gpe.redlands.edu/apply/
217484,University of Rhode Island,https://web.uri.edu/admission/
233374,University of Richmond,https://admission.richmond.edu/
195030,University of Rochester,https://admissions.rochester.edu/
122436,University of San Diego,https://www.sandiego.edu/admission-and-aid/
122612,University of San Francisco,https://www.usfca.edu/admission
207722,University of Science and Arts of Oklahoma,https://admissions.usao.edu/apply/
215929,University of Scranton,https://admissions.scranton.edu/
219383,University of Sioux Falls,https://apply.usiouxfalls.edu/
218645,University of South Carolina Aiken,https://www.usca.edu/admissions/
218663,University of South Carolina-Columbia,https://www.sc.edu/admission
218742,University of South Carolina-Upstate,https://uscupstate.edu/admissions/
219471,University of South Dakota,https://www.usd.edu/Admissions-and-Aid
137351,University of South Florida,https://www.usf.edu/admissions/
123961,University of Southern California,https://admission.usc.edu/
176372,University of Southern Mississippi,https://www.usm.edu/admissions/
148584,University of St Francis,https://stfrancis.edu/admissions-aid/
174914,University of St Thomas,https://www.stthomas.edu/admissions/
207971,University of Tulsa,https://utulsa.edu/admissions/
230764,University of Utah,https://admissions.utah.edu/
231174,University of Vermont,https://www.uvm.edu/admissions
233897,University of Virginia's College at Wise,https://www.uvawise.edu/admissions/incoming-freshmen
234076,University of Virginia-Main Campus,https://admission.virginia.edu/
377555,University of Washington-Bothell Campus,https://www.uwb.edu/admissions/
377564,University of Washington-Tacoma Campus,https://www.tacoma.uw.edu/admissions
138354,University of West Florida,https://uwf.edu/admissions/
141334,University of West Georgia,https://www.westga.edu/undergraduate-admissions/
240268,University of Wisconsin-Eau Claire,https://www.uwec.edu/apply
240444,University of Wisconsin-Madison,https://admissions.wisc.edu/
240453,University of Wisconsin-Milwaukee,https://uwm.edu/admission/
240374,University of Wisconsin-Parkside,https://www.uwp.edu/apply/admissions/
240471,University of Wisconsin-River Falls,https://www.uwrf.edu/admissions
240480,University of Wisconsin-Stevens Point,https://www.uwsp.edu/admissions-aid/
240189,University of Wisconsin-Whitewater,https://www.uww.edu/admissions
240727,University of Wyoming,https://www.uwyo.edu/admissions/
225627,University of the Incarnate Word,https://apply.uiw.edu/
120883,University of the Pacific,https://www.pacific.edu/admission/undergraduate
154493,Upper Iowa University,https://uiu.edu/admissions
216524,Ursinus College,https://www.ursinus.edu/admission/
206349,Ursuline College,https://www.ursuline.edu/admission/overview
230728,Utah State University,https://apply.usu.edu/s/
197045,Utica University,https://admissions.utica.edu/
141264,Valdosta State University,https://www.valdosta.edu/admissions/
152600,Valparaiso University,https://www.valpo.edu/admission/apply/
221999,Vanderbilt University,https://admissions.vanderbilt.edu/
123651,Vanguard University of Southern California,https://www.vanguard.edu/admissions
197133,Vassar College,https://www.vassar.edu/admission
231165,Vermont State University,https://vermontstate.edu/admission/
197142,Villa Maria College,https://apply.villa.edu/
234030,Virginia Commonwealth University,https://admissions.vcu.edu/
234085,Virginia Military Institute,https://apply.vmi.edu/
234155,Virginia State University,https://www.vsu.edu/admissions/
152673,Wabash College,https://www.wabash.edu/admissions/
197197,Wagner College,https://wagner.edu/admissions/
199847,Wake Forest University,https://admissions.wfu.edu/
206437,Walsh University,https://www.walsh.edu/apply-online.html
210304,Warner Pacific University,https://www.warnerpacific.edu/admissions-aid/
199865,Warren Wilson College,https://www.warren-wilson.edu/admission
216667,Washington & Jefferson College,https://www.washjeff.edu/admissions/
164216,Washington College,https://www.washcoll.edu/admissions/
236939,Washington State University,https://admission.wsu.edu/
179867,Washington University in St Louis,https://admissions.washu.edu/
234207,Washington and Lee University,https://www.wlu.edu/admissions
172644,Wayne State University,https://provost.wayne.edu/programs/new-undergrad-program-guidelines
216694,Waynesburg University,https://www.waynesburg.edu/admissions
197221,Webb Institute,https://www.webb.edu/admissions/
138293,Webber International University,https://apply.webber.edu/
179894,Webster University,https://applywu.webster.edu/portal/apply
168218,Wellesley College,https://www.wellesley.edu/admission-aid
168227,Wentworth Institute of Technology,https://wit.edu/admissions
141325,Wesleyan College,https://www.wesleyancollege.edu/admission/
130697,Wesleyan University,https://www.wesleyan.edu/admission/
229814,West Texas A & M University,https://www.wtamu.edu/admissions/
238032,West Virginia University,https://www.wvu.edu/admissions/
237969,West Virginia Wesleyan College,https://www.wvwc.edu/admissions/
200004,Western Carolina University,https://www.wcu.edu/apply/
128391,Western Colorado University,https://western.edu/admissions/
130776,Western Connecticut State University,https://www.wcsu.edu/admissions/
149772,Western Illinois University,https://www.wiu.edu/admissions/
157951,Western Kentucky University,https://www.wku.edu/admissions/
172699,Western Michigan University,https://wmich.edu/admissions
168254,Western New England University,https://admissions.wne.edu/
210429,Western Oregon University,https://wou.edu/admission/
237011,Western Washington University,https://admissions.wwu.edu/
168263,Westfield State University,https://www.westfield.ma.edu/admissions
179946,Westminster College,https://www.wcmo.edu/apply
216807,Westminster College,https://www.westminster.edu/admissions/
230807,Westminster University,https://westminsteru.edu/admissions/index.html
125727,Westmont College,https://www.westmont.edu/admissions
238078,Wheeling University,https://wheeling.edu/admissions/
237057,Whitman College,https://www.whitman.edu/admission-and-aid
125763,Whittier College,https://www.whittier.edu/admission
237066,Whitworth University,https://www.whitworth.edu/admission/
156125,Wichita State University,https://www.wichita.edu/admissions
216852,Widener University,https://www.widener.edu/admissions-aid
216931,Wilkes University,https://www.wilkes.edu/admissions/
210401,Willamette University,https://willamette.edu/admissions/
231624,William & Mary,https://www.wm.edu/admission/
179955,William Jewell College,https://jewell.edu/admission-guide/
179964,William Woods University,https://apply.williamwoods.edu/s/
206507,Wilmington College,https://www.wilmington.edu/admission
217013,Wilson College,https://www.wilson.edu/admissions
199962,Wingate University,https://www.wingate.edu/admissions
218964,Winthrop University,https://www.winthrop.edu/admissions/
240338,Wisconsin Lutheran College,https://www.wlc.edu/admissions/index.html
206525,Wittenberg University,https://www.wittenberg.edu/admission
218973,Wofford College,https://www.wofford.edu/admission
168421,Worcester Polytechnic Institute,https://www.wpi.edu/admissions
168430,Worcester State University,https://www.worcester.edu/admissions-aid/
206604,Wright State University-Main Campus,https://www.wright.edu/admissions
206622,Xavier University,https://www.xavier.edu/admission/
160904,Xavier University of Louisiana,https://www.xula.edu/admissions/
130794,Yale University,https://admissions.yale.edu/
197708,Yeshiva University,https://apply.yu.edu/
