unitid,name,state,admit_rate_pct,admissions_url,source_url,prompts_found,notes
144050,University of Chicago,IL,4.5,https://collegeadmissions.uchicago.edu/apply/first-year-applicants,,,
182670,Dartmouth College,NH,5.4,https://admissions.dartmouth.edu/,,,
198419,Duke University,NC,5.7,https://admissions.duke.edu/,,,
221999,Vanderbilt University,TN,5.9,https://admissions.vanderbilt.edu/,,,
161004,Bowdoin College,ME,7.1,https://www.bowdoin.edu/admissions/,,,
216287,Swarthmore College,PA,7.5,https://www.swarthmore.edu/admissions-aid,,,
168342,Williams College,MA,8.2,https://www.williams.edu/admission-aid/,,,
189097,Barnard College,NY,8.8,https://barnard.edu/admissions-aid,,,
193900,New York University,NY,9.2,https://www.nyu.edu/admissions/undergraduate-admissions.html,,,
112260,Claremont McKenna College,CA,9.6,https://cmc.edu/admission/first-year-application-instructions,,,
123961,University of Southern California,CA,9.8,https://admission.usc.edu/prospective-students/how-to-apply/first-year-students/,,,
139658,Emory University,GA,10.7,https://apply.emory.edu/,,,
164988,Boston University,MA,11.1,https://www.bu.edu/admissions/,,,
152080,University of Notre Dame,IN,11.3,https://admissions.nd.edu/apply/,,,
211440,Carnegie Mellon University,PA,11.7,https://www.cmu.edu/admission,,,
179867,Washington University in St Louis,MO,12.1,https://admissions.washu.edu/,,,
115409,Harvey Mudd College,CA,12.7,https://hmc.college-tour.com/,,,
131496,Georgetown University,DC,12.9,https://college.georgetown.edu/,,,
198385,Davidson College,NC,13.4,https://www.davidson.edu/admission-and-financial-aid/apply,,,
191515,Hamilton College,NY,13.6,https://www.hamilton.edu/admission,,,
190099,Colgate University,NY,13.9,https://www.colgate.edu/admission-aid/apply,,,
234207,Washington and Lee University,VA,14.0,https://www.wlu.edu/admissions/,,,
160755,Tulane University of Louisiana,LA,14.0,https://admission.tulane.edu,,,
153384,Grinnell College,IA,14.5,https://www.grinnell.edu/admission/apply/first-year,,,
199120,University of North Carolina at Chapel Hill,NC,15.3,https://www.admissions.unc.edu,,,
164924,Boston College,MA,16.4,,,,
234076,University of Virginia-Main Campus,VA,16.8,https://admission.virginia.edu/,,,
164580,Babson College,MA,17.1,https://www.babson.edu/admission/undergraduate-school/,,,
197133,Vassar College,NY,18.6,https://www.vassar.edu/admission,,,
217493,Rhode Island School of Design,RI,18.7,https://www.risd.edu/admissions/first-year/apply/,,,
135726,University of Miami,FL,18.9,https://admissions.miami.edu/firstyear,,,
173258,Carleton College,MN,20.4,https://www.carleton.edu/admissions/,,,
190372,The Cooper Union for the Advancement of Science and Art,NY,20.7,https://cooper.edu/admissions,,,
170286,Hillsdale College,MI,20.7,https://www.hillsdale.edu/admissions-aid/admissions-2/,,,
167835,Smith College,MA,21.0,https://www.smith.edu/admission-aid/how-apply/first-year-students,,,
199847,Wake Forest University,NC,21.7,https://admissions.wfu.edu/,,,
233374,University of Richmond,VA,22.2,https://admissions.richmond.edu/,,,
134130,University of Florida,FL,24.2,https://admissions.ufl.edu/apply/freshman/,,,
209922,Reed College,OR,24.6,https://www.reed.edu/apply/,,,
141060,Spelman College,GA,24.9,https://www.spelman.edu/admissions,,,
121257,Pitzer College,CA,25.2,https://www.pitzer.edu/admission-aid/how-apply/first-year-applicants,,,
213543,Lehigh University,PA,25.9,https://www2.lehigh.edu/admissions,,,
216597,Villanova University,PA,27.0,,,,
173902,Macalester College,MN,28.5,https://www.macalester.edu/admissions/connect/meet-the-staff/,,,
211291,Bucknell University,PA,28.9,https://www.bucknell.edu/admissions-aid,,,
130590,Trinity College,CT,29.2,https://www.trincoll.edu/admissions/undergraduate-admissions/,,,
211273,Bryn Mawr College,PA,29.4,https://www.brynmawr.edu/admissions/undergraduate-admissions,,,
213385,Lafayette College,PA,31.4,https://admissions.lafayette.edu/,,,
231624,William & Mary,VA,34.1,https://www.wm.edu/admission/undergraduateadmission/how-to-apply/freshmanapplicants/index.php,,,
166939,Mount Holyoke College,MA,36.0,https://www.mtholyoke.edu/admission/apply-undergraduate-first-year/application-process,,,
128902,Connecticut College,CT,37.0,https://www.conncoll.edu/admission/,,,
139959,University of Georgia,GA,37.7,https://www.admissions.uga.edu/,,,
217882,Clemson University,SC,38.3,https://www.clemson.edu/admissions/undergraduate-admissions/,,,
123165,Scripps College,CA,38.3,https://www.scrippscollege.edu/admission/,,,
145646,Illinois Wesleyan University,IL,39.3,https://www.iwu.edu/admissions,,,
165334,Clark University,MA,39.5,https://www.clarku.edu/undergraduate-admissions/,,,
132903,University of Central Florida,FL,40.1,https://www.ucf.edu/admissions/undergraduate/,,,
195030,University of Rochester,NY,40.1,https://admissions.rochester.edu/,,,
165015,Brandeis University,MA,40.5,https://www.brandeis.edu/admissions/,,,
131520,Howard University,DC,41.3,https://admission.howard.edu/,,,
199193,North Carolina State University at Raleigh,NC,41.7,https://admissions.ncsu.edu/apply,,,
145637,University of Illinois Urbana-Champaign,IL,42.4,https://www.admissions.illinois.edu/,,,
399911,Soka University of America,CA,43.4,https://www.soka.edu/admissions-aid,,,
140553,Morehouse College,GA,44.0,https://www.morehouse.edu/admissions/apply/,,,
120254,Occidental College,CA,44.2,https://www.oxy.edu/admission-aid,,,
230816,Bennington College,VT,44.5,https://www.bennington.edu/admissions-office,,,
164739,Bentley University,MA,45.1,https://www.bentley.edu/undergraduate,,,
117946,Loyola Marymount University,CA,45.1,https://admission.lmu.edu,,,
240444,University of Wisconsin-Madison,WI,45.2,https://admissions.wisc.edu/apply-as-a-freshman/,,,
196413,Syracuse University,NY,45.9,https://www.syracuse.edu/admissions-aid/application-process/undergraduate/,,,
131469,George Washington University,DC,47.1,https://www.gwu.edu/undergraduate-admissions,,,
136950,Rollins College,FL,47.5,https://www.rollins.edu/apply,,,
186867,Stevens Institute of Technology,NJ,47.6,https://www.stevens.edu/undergrad,,,
122931,Santa Clara University,CA,48.0,https://www.scu.edu/admission/undergraduate,,,
142294,The College of Idaho,ID,49.1,https://www.collegeofidaho.edu/undergrad-admission-aid,,,
217402,Providence College,RI,50.9,https://admission.providence.edu/apply/,,,
223232,Baylor University,TX,51.3,https://admissions.web.baylor.edu/incoming-freshman,,,
165662,Emerson College,MA,51.3,https://www.emerson.edu/admissions-aid,,,
218973,Wofford College,SC,51.9,https://www.wofford.edu/admission,,,
189088,Bard College,NY,52.1,https://www.bard.edu/admission/firstyear/,,,
122436,University of San Diego,CA,52.4,https://www.sandiego.edu/admissions/undergraduate/,,,
214157,Moravian University,PA,54.2,https://www.moravian.edu/admissions/first-year,,,
156408,Centre College,KY,54.4,https://www.centre.edu/apply/,,,
145725,Illinois Institute of Technology,IL,54.9,https://www.iit.edu/admissions-aid/undergraduate-admission/first-year-students,,,
139940,Georgia State University,GA,55.4,https://admissions.gsu.edu/bachelors-degree/apply/high-school/,,,
154721,Bethany College,KS,56.0,,,,
192819,Marist University,NY,56.5,https://www.marist.edu/admission/undergraduate,,,
210775,Alvernia University,PA,58.1,https://www.alvernia.edu/admissions-aid/undergraduate-admissions,,,
191241,Fordham University,NY,59.3,https://www.fordham.edu/undergraduate-admission/,,,
206589,The College of Wooster,OH,59.5,https://wooster.edu/future-students,,,
166629,University of Massachusetts-Amherst,MA,59.7,https://www.umass.edu/admissions/undergraduate-admissions,,,
217819,College of Charleston,SC,60.0,https://charleston.edu/admission/index.php,,,
168421,Worcester Polytechnic Institute,MA,60.2,https://www.wpi.edu/admissions/undergraduate,,,
126775,Colorado School of Mines,CO,60.7,https://www.mines.edu/undergraduate-admissions/,,,
207971,University of Tulsa,OK,61.5,https://utulsa.edu/admissions/,,,
195304,Sarah Lawrence College,NY,61.7,https://www.sarahlawrence.edu/admission/apply/first-year.html,,,
122612,University of San Francisco,CA,61.7,https://www.usfca.edu/admission/undergraduate/first-year,,,
131159,American University,DC,62.0,https://www.american.edu/admissions/first-year/index.cfm,,,
138600,Agnes Scott College,GA,62.2,https://www.agnesscott.edu/admission/undergraduate-admission/index.html,,,
121150,Pepperdine University,CA,62.9,https://admission.pepperdine.edu/,,,
228246,Southern Methodist University,TX,63.3,https://www.smu.edu/admission,,,
194824,Rensselaer Polytechnic Institute,NY,63.5,https://undergrad.admissions.rpi.edu/,,,
193654,The New School,NY,63.5,https://www.newschool.edu/admission/prospective-undergraduate-students/,,,
139144,Berry College,GA,64.0,https://www.berry.edu/admission/,,,
199218,University of North Carolina Wilmington,NC,64.2,https://uncw.edu/admissions/undergraduate/,,,
231174,University of Vermont,VT,65.3,https://admissions.uvm.edu/register/inquire,,,
111948,Chapman University,CA,65.4,https://www.chapman.edu/admission/,,,
198516,Elon University,NC,66.3,,,,
167996,Stonehill College,MA,66.3,https://www.stonehill.edu/apply-for-admission/first-year-applicants/,,,
195003,Rochester Institute of Technology,NY,66.9,https://www.rit.edu/admissions/first-year,,,
191649,Hofstra University,NY,68.1,https://www.hofstra.edu/admission/index.html,,,
147679,North Park University,IL,68.5,https://www.northpark.edu/admissions-aid/,,,
191968,Ithaca College,NY,69.0,https://www.ithaca.edu/admission,,,
186618,Saint Elizabeth University,NJ,71.0,https://www.steu.edu/admissions/,,,
151777,Manchester University,IN,71.1,https://manchester.edu/admissions,,,
165699,Endicott College,MA,71.2,,,,
232423,James Madison University,VA,71.5,https://www.jmu.edu/admissions/undergrad/index.shtml,,,
229115,Texas Tech University,TX,72.7,https://www.depts.ttu.edu/admissions/,,,
150455,Earlham College,IN,73.1,https://www.earlham.edu/admissions/,,,
132657,Lynn University,FL,73.5,https://www.lynn.edu/admission/apply-to-lynn/first-year,,,
198950,Meredith College,NC,74.2,https://www.meredith.edu/admissions,,,
162061,Capitol Technology University,MD,74.4,https://www.captechu.edu/admissions/undergraduate,,,
218724,Coastal Carolina University,SC,75.3,https://www.coastal.edu/admissions/,,,
166018,Hampshire College,MA,75.3,,,,
198695,High Point University,NC,75.3,https://www.highpoint.edu/admissions/freshmen-admissions/,,,
170532,Kalamazoo College,MI,75.3,https://www.kzoo.edu/admission/,,,
163046,Loyola University Maryland,MD,75.5,https://www.loyola.edu/admission/undergraduate/application-process/first-year,,,
110413,California Lutheran University,CA,75.7,https://www.callutheran.edu/admission/undergraduate/,,,
236595,Seattle University,WA,76.9,https://www.seattleu.edu/admissions-aid/undergraduate-admissions/first-year-admissions/,,,
207458,Oklahoma City University,OK,77.0,https://www.okcu.edu/admissions/first-year,,,
145600,University of Illinois Chicago,IL,77.3,https://admissions.uic.edu/,,,
183239,Saint Anselm College,NH,78.0,https://www.anselm.edu/admission/apply,,,
126614,University of Colorado Boulder,CO,78.1,https://www.colorado.edu/admissions/first-year,,,
151351,Indiana University-Bloomington,IN,78.2,https://bloomington.iu.edu/admissions,,,
212054,Drexel University,PA,79.4,https://drexel.edu/admissions/undergrad/first-year,,,
199139,University of North Carolina at Charlotte,NC,79.6,https://admissions.charlotte.edu/first-year,,,
174066,University of Minnesota-Twin Cities,MN,79.8,https://admissions.tc.umn.edu/freshman/index.html,,,
133711,Flagler College,FL,80.8,https://www.flagler.edu/admissions-aid,,,
235316,Gonzaga University,WA,81.7,https://www.gonzaga.edu/undergraduate-admission/apply/how-to-apply/first-year-students,,,
166513,University of Massachusetts-Lowell,MA,83.0,https://www.uml.edu/admissions,,,
236577,Seattle Pacific University,WA,83.4,https://spu.edu/undergraduate-admissions,,,
150163,Butler University,IN,85.1,https://www.butler.edu/admission,,,
193399,University of Mount Saint Vincent,NY,85.1,https://mountsaintvincent.edu/admission/choose-the-mount/prospective-students/,,,
209065,Linfield University,OR,85.2,https://www.linfield.edu/admission,,,
201885,University of Cincinnati-Main Campus,OH,85.3,https://admissions.uc.edu/,,,
104179,University of Arizona,AZ,86.1,https://www.arizona.edu/admissions/first-year/apply,,,
232186,George Mason University,VA,87.5,https://www.gmu.edu/admissions-aid,,,
217518,Roger Williams University,RI,87.7,https://www.rwu.edu/undergraduate/admission-aid/first-year-applicants,,,
209551,University of Oregon,OR,88.3,https://admissions.uoregon.edu/freshmen,,,
199148,University of North Carolina at Greensboro,NC,88.5,https://admissions.uncg.edu/admissions/first-year-admissions/,,,
209825,University of Portland,OR,89.2,https://www.up.edu/admissions-aid/index.html,,,
197869,Appalachian State University,NC,90.1,https://admissions.appstate.edu/,,,
147341,Monmouth College,IL,90.9,https://www.monmouthcollege.edu/admissions/,,,
234030,Virginia Commonwealth University,VA,92.6,https://admissions.vcu.edu/apply-to-vcu/undergraduate/first-year/,,,
176017,University of Mississippi,MS,96.6,https://olemiss.edu/admissions/,,,
240727,University of Wyoming,WY,96.9,https://www.uwyo.edu/admissions/freshman/,,,
177144,Culver-Stockton College,MO,99.1,https://culver.edu/admissions/cost-financial-aid/,,,
232672,Mary Baldwin University,VA,,https://marybaldwin.edu/admissions/undergrad/,,,
