cycle,unitid,name,state,control,undergrads,admit_rate_pct,website,common_app,coalition_app,own_application,application_fee,fee_waiver_available,deadline_ed1,deadline_ed2,deadline_ea,deadline_rea,deadline_rd,deadline_rolling,deadline_priority,notify_ed1,notify_rd,supplemental_essay_count,supplemental_essays_json,recs_teacher_required,recs_counselor_required,recs_max_optional,interview,portfolio_required,admitted_gpa_avg,admitted_gpa_scale,cds_url,source_url,verified_by,verified_on,notes
2027,104717,Grand Canyon University,AZ,private_nonprofit,73371,78.9,https://www.gcu.edu/,,,,,,,,,,,,,,,,,,,,,,,,,,,,
2027,228723,Texas A&M University-College Station,TX,public,59615,57.4,https://www.tamu.edu/,,,,,,,,,,,,,,,,,,,,,,,,,,,,
2027,132903,University of Central Florida,FL,public,59146,40.1,https://www.ucf.edu/,,,,,,,,,,,,,,,,,,,,,,,,,,,,
2027,204796,Ohio State University-Main Campus,OH,public,45638,60.6,https://www.osu.edu/,,,,,,,,,,,,,,,,,,,,,,,,,,,,
2027,243780,Purdue University-Main Campus,IN,public,44503,49.9,https://www.purdue.edu/,,,,,,,,,,,,,,,,,,,,,,,,,,,,
2027,228778,The University of Texas at Austin,TX,public,42855,26.6,https://www.utexas.edu/,,,,,,,,,,,,,,,,,,,,,,,,,,,,
2027,214777,Pennsylvania State University-Main Campus,PA,public,42284,60.6,https://psu.edu/,,,,,,,,,,,,,,,,,,,,,,,,,,,,
2027,486840,Kennesaw State University,GA,public,41254,69.2,https://www.kennesaw.edu/,,,,,,,,,,,,,,,,,,,,,,,,,,,,
2027,433387,Western Governors University,UT,private_nonprofit,155088,,https://www.wgu.edu/,,,,,,,,,,,,,,,,,,,,,,,,,,,,
2027,483124,Arizona State University Digital Immersion,AZ,public,53782,66.7,https://www.asu.edu/,,,,,,,,,,,,,,,,,,,,,,,,,,,,
2027,133951,Florida International University,FL,public,39508,54.7,https://www.fiu.edu/,,,,,,,,,,,,,,,,,,,,,,,,,,,,
2027,225511,University of Houston,TX,public,38380,73.9,https://www.uh.edu/,,,,,,,,,,,,,,,,,,,,,,,,,,,,
2027,151351,Indiana University-Bloomington,IN,public,37806,78.2,https://bloomington.iu.edu/,,,,,,,,,,,,,,,,,,,,,,,,,,,,
2027,186380,Rutgers University-New Brunswick,NJ,public,37751,58.1,https://newbrunswick.rutgers.edu/,,,,,,,,,,,,,,,,,,,,,,,,,,,,
2027,137351,University of South Florida,FL,public,37207,43.2,https://www.usf.edu/,,,,,,,,,,,,,,,,,,,,,,,,,,,,
2027,240444,University of Wisconsin-Madison,WI,public,36902,45.2,https://www.wisc.edu/,,,,,,,,,,,,,,,,,,,,,,,,,,,,
2027,145637,University of Illinois Urbana-Champaign,IL,public,36258,42.4,https://www.illinois.edu/,,,,,,,,,,,,,,,,,,,,,,,,,,,,
2027,134130,University of Florida,FL,public,35629,24.2,https://www.ufl.edu/,,,,,,,,,,,,,,,,,,,,,,,,,,,,
2027,227216,University of North Texas,TX,public,34341,72.2,https://www.unt.edu/,,,,,,,,,,,,,,,,,,,,,,,,,,,,
2027,170976,University of Michigan-Ann Arbor,MI,public,34177,15.6,https://umich.edu/,,,,,,,,,,,,,,,,,,,,,,,,,,,,
2027,100751,The University of Alabama,AL,public,33227,76.6,https://www.ua.edu/,,,,,,,,,,,,,,,,,,,,,,,,,,,,
2027,230038,Brigham Young University,UT,private_nonprofit,32952,67.8,https://byu.edu/,,,,,,,,,,,,,,,,,,,,,,,,,,,,
2027,229115,Texas Tech University,TX,public,32394,72.7,https://www.ttu.edu/,,,,,,,,,,,,,,,,,,,,,,,,,,,,
2027,228769,The University of Texas at Arlington,TX,public,32294,79.9,https://www.uta.edu/,,,,,,,,,,,,,,,,,,,,,,,,,,,,
2027,134097,Florida State University,FL,public,32212,24.2,https://www.fsu.edu/,,,,,,,,,,,,,,,,,,,,,,,,,,,,
2027,139959,University of Georgia,GA,public,32137,37.7,https://www.uga.edu/,,,,,,,,,,,,,,,,,,,,,,,,,,,,
2027,126614,University of Colorado Boulder,CO,public,31939,78.1,https://www.colorado.edu/,,,,,,,,,,,,,,,,,,,,,,,,,,,,
2027,174066,University of Minnesota-Twin Cities,MN,public,31855,79.8,https://twin-cities.umn.edu/,,,,,,,,,,,,,,,,,,,,,,,,,,,,
2027,233921,Virginia Polytechnic Institute and State University,VA,public,30923,54.8,https://www.vt.edu/,,,,,,,,,,,,,,,,,,,,,,,,,,,,
2027,163286,University of Maryland-College Park,MD,public,30760,44.8,https://www.umd.edu/,,,,,,,,,,,,,,,,,,,,,,,,,,,,
2027,209542,Oregon State University,OR,public,30743,77.3,https://oregonstate.edu/,,,,,,,,,,,,,,,,,,,,,,,,,,,,
2027,159391,Louisiana State University and Agricultural & Mechanical College,LA,public,30594,73.3,https://www.lsu.edu/,,,,,,,,,,,,,,,,,,,,,,,,,,,,
2027,221759,The University of Tennessee-Knoxville,TN,public,30418,41.6,https://www.utk.edu/,,,,,,,,,,,,,,,,,,,,,,,,,,,,
2027,218663,University of South Carolina-Columbia,SC,public,29820,60.2,https://www.sc.edu/,,,,,,,,,,,,,,,,,,,,,,,,,,,,
2027,104151,Arizona State University Campus Immersion,AZ,public,64674,89.9,https://www.asu.edu/,,,,,,,,,,,,,,,,,,,,,,,,,,,,
2027,106397,University of Arkansas,AR,public,28677,74.3,https://www.uark.edu/,,,,,,,,,,,,,,,,,,,,,,,,,,,,
2027,193900,New York University,NY,private_nonprofit,28663,9.2,https://www.nyu.edu/,,,,,,,,,,,,,,,,,,,,,,,,,,,,
2027,199193,North Carolina State University at Raleigh,NC,public,27371,41.7,https://www.ncsu.edu/,,,,,,,,,,,,,,,,,,,,,,,,,,,,
2027,100858,Auburn University,AL,public,26816,45.9,https://www.auburn.edu/,,,,,,,,,,,,,,,,,,,,,,,,,,,,
2027,139940,Georgia State University,GA,public,26623,55.4,https://www.gsu.edu/,,,,,,,,,,,,,,,,,,,,,,,,,,,,
2027,110583,California State University-Long Beach,CA,public,35924,46.3,https://www.csulb.edu/,,,,,,,,,,,,,,,,,,,,,,,,,,,,
2027,122409,San Diego State University,CA,public,35377,36.2,https://www.sdsu.edu/,,,,,,,,,,,,,,,,,,,,,,,,,,,,
2027,110680,University of California-San Diego,CA,public,34948,26.7,https://www.ucsd.edu/,,,,,,,,,,,,,,,,,,,,,,,,,,,,
2027,104179,University of Arizona,AZ,public,42537,86.1,https://www.arizona.edu/,,,,,,,,,,,,,,,,,,,,,,,,,,,,
2027,110662,University of California-Los Angeles,CA,public,33475,9.0,https://www.ucla.edu/,,,,,,,,,,,,,,,,,,,,,,,,,,,,
2027,171100,Michigan State University,MI,public,40922,84.8,https://www.msu.edu/,,,,,,,,,,,,,,,,,,,,,,,,,,,,
2027,110635,University of California-Berkeley,CA,public,33068,11.0,https://www.berkeley.edu/,,,,,,,,,,,,,,,,,,,,,,,,,,,,
2027,199139,University of North Carolina at Charlotte,NC,public,24453,79.6,https://www.charlotte.edu/,,,,,,,,,,,,,,,,,,,,,,,,,,,,
2027,178396,University of Missouri-Columbia,MO,public,23929,78.5,https://missouri.edu/,,,,,,,,,,,,,,,,,,,,,,,,,,,,
2027,110644,University of California-Davis,CA,public,32253,41.8,https://ucdavis.edu/,,,,,,,,,,,,,,,,,,,,,,,,,,,,
2027,133669,Florida Atlantic University,FL,public,23757,66.1,https://www.fau.edu/,,,,,,,,,,,,,,,,,,,,,,,,,,,,
2027,166629,University of Massachusetts-Amherst,MA,public,23671,59.7,https://www.umass.edu/,,,,,,,,,,,,,,,,,,,,,,,,,,,,
2027,236948,University of Washington-Seattle Campus,WA,public,31942,39.1,https://www.washington.edu/,,,,,,,,,,,,,,,,,,,,,,,,,,,,
2027,217882,Clemson University,SC,public,23300,38.3,https://www.clemson.edu/,,,,,,,,,,,,,,,,,,,,,,,,,,,,
2027,207500,University of Oklahoma-Norman Campus,OK,public,22734,76.6,https://www.ou.edu/,,,,,,,,,,,,,,,,,,,,,,,,,,,,
2027,110653,University of California-Irvine,CA,public,30197,28.6,https://www.uci.edu/,,,,,,,,,,,,,,,,,,,,,,,,,,,,
2027,484613,University of Phoenix-Arizona,AZ,private_for_profit,85991,,https://www.phoenix.edu/,,,,,,,,,,,,,,,,,,,,,,,,,,,,
2027,145600,University of Illinois Chicago,IL,public,22170,77.3,https://www.uic.edu/,,,,,,,,,,,,,,,,,,,,,,,,,,,,
2027,207388,Oklahoma State University-Main Campus,OK,public,21773,75.0,https://www.okstate.edu/,,,,,,,,,,,,,,,,,,,,,,,,,,,,
2027,228787,The University of Texas at Dallas,TX,public,21751,65.1,https://www.utdallas.edu/,,,,,,,,,,,,,,,,,,,,,,,,,,,,
2027,228459,Texas State University,TX,public,36177,89.3,https://www.txst.edu/,,,,,,,,,,,,,,,,,,,,,,,,,,,,
2027,232423,James Madison University,VA,public,20888,71.5,https://www.jmu.edu/index.shtml,,,,,,,,,,,,,,,,,,,,,,,,,,,,
2027,199120,University of North Carolina at Chapel Hill,NC,public,20752,15.3,https://www.unc.edu/,,,,,,,,,,,,,,,,,,,,,,,,,,,,
2027,123961,University of Southern California,CA,private_nonprofit,20443,9.8,https://www.usc.edu/,,,,,,,,,,,,,,,,,,,,,,,,,,,,
2027,215293,University of Pittsburgh-Pittsburgh Campus,PA,public,20370,58.1,https://www.pitt.edu/,,,,,,,,,,,,,,,,,,,,,,,,,,,,
2027,196088,University at Buffalo,NY,public,20112,74.2,https://www.buffalo.edu/,,,,,,,,,,,,,,,,,,,,,,,,,,,,
2027,129020,University of Connecticut,CT,public,19835,52.4,https://uconn.edu/,,,,,,,,,,,,,,,,,,,,,,,,,,,,
2027,130943,University of Delaware,DE,public,19071,70.6,https://www.udel.edu/,,,,,,,,,,,,,,,,,,,,,,,,,,,,
2027,139755,Georgia Institute of Technology-Main Campus,GA,public,18785,14.1,https://www.gatech.edu/,,,,,,,,,,,,,,,,,,,,,,,,,,,,
2027,110529,California State Polytechnic University-Pomona,CA,public,25042,75.2,https://www.cpp.edu/,,,,,,,,,,,,,,,,,,,,,,,,,,,,
2027,176080,Mississippi State University,MS,public,18397,77.6,https://www.msstate.edu/,,,,,,,,,,,,,,,,,,,,,,,,,,,,
2027,229027,The University of Texas at San Antonio,TX,public,30580,86.8,https://www.utsa.edu/,,,,,,,,,,,,,,,,,,,,,,,,,,,,
2027,164988,Boston University,MA,private_nonprofit,18248,11.1,https://www.bu.edu/,,,,,,,,,,,,,,,,,,,,,,,,,,,,
2027,183026,Southern New Hampshire University,NH,private_nonprofit,163164,99.5,https://www.snhu.edu/,,,,,,,,,,,,,,,,,,,,,,,,,,,,
2027,196097,Stony Brook University,NY,public,18101,49.0,https://www.stonybrook.edu/,,,,,,,,,,,,,,,,,,,,,,,,,,,,
2027,201885,University of Cincinnati-Main Campus,OH,public,29882,85.3,https://www.uc.edu/,,,,,,,,,,,,,,,,,,,,,,,,,,,,
2027,234076,University of Virginia-Main Campus,VA,public,17597,16.8,https://www.virginia.edu/,,,,,,,,,,,,,,,,,,,,,,,,,,,,
2027,167358,Northeastern University,MA,private_nonprofit,17326,5.2,https://www.northeastern.edu/,,,,,,,,,,,,,,,,,,,,,,,,,,,,
2027,227368,The University of Texas Rio Grande Valley,TX,public,28666,94.2,https://www.utrgv.edu/,,,,,,,,,,,,,,,,,,,,,,,,,,,,
2027,110565,California State University-Fullerton,CA,public,38546,90.5,https://www.fullerton.edu/,,,,,,,,,,,,,,,,,,,,,,,,,,,,
2027,110705,University of California-Santa Barbara,CA,public,23113,33.0,https://www.ucsb.edu/,,,,,,,,,,,,,,,,,,,,,,,,,,,,
2027,110671,University of California-Riverside,CA,public,22593,76.4,https://www.ucr.edu/,,,,,,,,,,,,,,,,,,,,,,,,,,,,
2027,204024,Miami University-Oxford,OH,public,16656,75.4,https://miamioh.edu/,,,,,,,,,,,,,,,,,,,,,,,,,,,,
2027,232186,George Mason University,VA,public,27752,87.5,https://www.gmu.edu/,,,,,,,,,,,,,,,,,,,,,,,,,,,,
2027,230764,University of Utah,UT,public,27264,86.0,https://www.utah.edu/,,,,,,,,,,,,,,,,,,,,,,,,,,,,
2027,220978,Middle Tennessee State University,TN,public,16301,69.1,https://www.mtsu.edu/,,,,,,,,,,,,,,,,,,,,,,,,,,,,
2027,110422,California Polytechnic State University-San Luis Obispo,CA,public,21996,31.3,https://calpoly.edu/,,,,,,,,,,,,,,,,,,,,,,,,,,,,
2027,190594,CUNY Hunter College,NY,public,16289,53.8,https://www.hunter.cuny.edu/,,,,,,,,,,,,,,,,,,,,,,,,,,,,
2027,190512,CUNY Bernard M Baruch College,NY,public,16154,47.5,https://www.baruch.cuny.edu/,,,,,,,,,,,,,,,,,,,,,,,,,,,,
2027,482680,University of North Georgia,GA,public,16146,67.9,https://www.ung.edu/,,,,,,,,,,,,,,,,,,,,,,,,,,,,
2027,190415,Cornell University,NY,private_nonprofit,15995,8.8,https://www.cornell.edu/,,,,,,,,,,,,,,,,,,,,,,,,,,,,
2027,184782,Rowan University,NJ,public,15841,77.7,https://www.rowan.edu/,,,,,,,,,,,,,,,,,,,,,,,,,,,,
2027,182290,University of Nevada-Reno,NV,public,15599,73.7,https://www.unr.edu/,,,,,,,,,,,,,,,,,,,,,,,,,,,,
2027,196413,Syracuse University,NY,private_nonprofit,15477,45.9,https://www.syracuse.edu/,,,,,,,,,,,,,,,,,,,,,,,,,,,,
2027,153603,Iowa State University,IA,public,25367,88.7,https://www.iastate.edu/,,,,,,,,,,,,,,,,,,,,,,,,,,,,
2027,199218,University of North Carolina Wilmington,NC,public,14922,64.2,https://www.uncw.edu/,,,,,,,,,,,,,,,,,,,,,,,,,,,,
2027,157085,University of Kentucky,KY,public,24763,92.9,https://www.uky.edu/,,,,,,,,,,,,,,,,,,,,,,,,,,,,
2027,223232,Baylor University,TX,private_nonprofit,14785,51.3,https://www.baylor.edu/,,,,,,,,,,,,,,,,,,,,,,,,,,,,
2027,157289,University of Louisville,KY,public,14727,79.4,https://www.louisville.edu/,,,,,,,,,,,,,,,,,,,,,,,,,,,,
2027,196079,Binghamton University,NY,public,14655,38.6,https://www.binghamton.edu/,,,,,,,,,,,,,,,,,,,,,,,,,,,,
2027,110608,California State University-Northridge,CA,public,32691,93.5,https://www.csun.edu/,,,,,,,,,,,,,,,,,,,,,,,,,,,,
2027,216764,West Chester University of Pennsylvania,PA,public,14164,78.4,https://www.wcupa.edu/,,,,,,,,,,,,,,,,,,,,,,,,,,,,
2027,144740,DePaul University,IL,private_nonprofit,14090,75.9,https://www.depaul.edu/,,,,,,,,,,,,,,,,,,,,,,,,,,,,
2027,433660,Florida Gulf Coast University,FL,public,13874,63.4,https://www.fgcu.edu/,,,,,,,,,,,,,,,,,,,,,,,,,,,,
2027,151111,Indiana University-Indianapolis,IN,public,13830,76.4,https://indianapolis.iu.edu/,,,,,,,,,,,,,,,,,,,,,,,,,,,,
2027,217484,University of Rhode Island,RI,public,13381,72.2,https://web.uri.edu/,,,,,,,,,,,,,,,,,,,,,,,,,,,,
2027,136172,University of North Florida,FL,public,13359,53.2,https://www.unf.edu/,,,,,,,,,,,,,,,,,,,,,,,,,,,,
2027,153658,University of Iowa,IA,public,22264,83.6,https://uiowa.edu/,,,,,,,,,,,,,,,,,,,,,,,,,,,,
2027,110714,University of California-Santa Cruz,CA,public,17940,65.8,https://www.ucsc.edu/,,,,,,,,,,,,,,,,,,,,,,,,,,,,
2027,212054,Drexel University,PA,private_nonprofit,13233,79.4,https://drexel.edu/,,,,,,,,,,,,,,,,,,,,,,,,,,,,
2027,195003,Rochester Institute of Technology,NY,private_nonprofit,13215,66.9,https://www.rit.edu/,,,,,,,,,,,,,,,,,,,,,,,,,,,,
2027,139931,Georgia Southern University,GA,public,21790,87.9,https://www.georgiasouthern.edu/,,,,,,,,,,,,,,,,,,,,,,,,,,,,
2027,135726,University of Miami,FL,private_nonprofit,12913,18.9,https://www.miami.edu/,,,,,,,,,,,,,,,,,,,,,,,,,,,,
2027,163204,University of Maryland Global Campus,MD,public,49664,,https://www.umgc.edu/,,,,,,,,,,,,,,,,,,,,,,,,,,,,
2027,155317,University of Kansas,KS,public,21217,93.5,https://ku.edu/,,,,,,,,,,,,,,,,,,,,,,,,,,,,
2027,220862,University of Memphis,TN,public,12701,72.0,https://www.memphis.edu/,,,,,,,,,,,,,,,,,,,,,,,,,,,,
2027,110617,California State University-Sacramento,CA,public,28350,94.0,https://www.csus.edu/,,,,,,,,,,,,,,,,,,,,,,,,,,,,
2027,190664,CUNY Queens College,NY,public,12550,64.3,https://www.qc.cuny.edu/,,,,,,,,,,,,,,,,,,,,,,,,,,,,
2027,190567,CUNY City College,NY,public,12505,60.0,https://www.ccny.cuny.edu/,,,,,,,,,,,,,,,,,,,,,,,,,,,,
2027,234030,Virginia Commonwealth University,VA,public,20753,92.6,https://www.vcu.edu/,,,,,,,,,,,,,,,,,,,,,,,,,,,,
2027,156620,Eastern Kentucky University,KY,public,12318,77.6,https://www.eku.edu/,,,,,,,,,,,,,,,,,,,,,,,,,,,,
2027,209551,University of Oregon,OR,public,20497,88.3,https://www.uoregon.edu/,,,,,,,,,,,,,,,,,,,,,,,,,,,,
2027,122755,San Jose State University,CA,public,27601,84.6,https://www.sjsu.edu/,,,,,,,,,,,,,,,,,,,,,,,,,,,,
2027,199102,North Carolina A & T State University,NC,public,12182,49.9,https://www.ncat.edu/,,,,,,,,,,,,,,,,,,,,,,,,,,,,
2027,230728,Utah State University,UT,public,20272,92.5,https://www.usu.edu/,,,,,,,,,,,,,,,,,,,,,,,,,,,,
2027,198464,East Carolina University,NC,public,19896,89.2,https://www.ecu.edu/,,,,,,,,,,,,,,,,,,,,,,,,,,,,
2027,204857,Ohio University-Main Campus,OH,public,19633,85.0,https://www.ohio.edu/,,,,,,,,,,,,,,,,,,,,,,,,,,,,
2027,231174,University of Vermont,VT,public,11743,65.3,https://www.uvm.edu/,,,,,,,,,,,,,,,,,,,,,,,,,,,,
2027,197869,Appalachian State University,NC,public,19444,90.1,https://www.appstate.edu/,,,,,,,,,,,,,,,,,,,,,,,,,,,,
2027,203517,Kent State University at Kent,OH,public,19320,86.3,https://www.kent.edu/,,,,,,,,,,,,,,,,,,,,,,,,,,,,
2027,190600,CUNY John Jay College of Criminal Justice,NY,public,11590,57.1,https://www.jjay.cuny.edu/,,,,,,,,,,,,,,,,,,,,,,,,,,,,
2027,181464,University of Nebraska-Lincoln,NE,public,19178,87.5,https://www.unl.edu/,,,,,,,,,,,,,,,,,,,,,,,,,,,,
2027,145813,Illinois State University,IL,public,19057,88.1,https://illinoisstate.edu/,,,,,,,,,,,,,,,,,,,,,,,,,,,,
2027,185262,Kean University,NJ,public,11433,75.9,https://www.kean.edu/,,,,,,,,,,,,,,,,,,,,,,,,,,,,
2027,126818,Colorado State University-Fort Collins,CO,public,25538,88.5,https://colostate.edu/,,,,,,,,,,,,,,,,,,,,,,,,,,,,
2027,170082,Grand Valley State University,MI,public,18854,83.0,https://www.gvsu.edu/,,,,,,,,,,,,,,,,,,,,,,,,,,,,
2027,131469,George Washington University,DC,private_nonprofit,11182,47.1,https://www.gwu.edu/,,,,,,,,,,,,,,,,,,,,,,,,,,,,
2027,228875,Texas Christian University,TX,private_nonprofit,11026,44.5,https://www.tcu.edu/,,,,,,,,,,,,,,,,,,,,,,,,,,,,
2027,185590,Montclair State University,NJ,public,18376,87.9,https://www.montclair.edu/,,,,,,,,,,,,,,,,,,,,,,,,,,,,
2027,163268,University of Maryland-Baltimore County,MD,public,10701,72.4,https://umbc.edu/,,,,,,,,,,,,,,,,,,,,,,,,,,,,
2027,190637,CUNY Lehman College,NY,public,10696,56.6,https://www.lehman.edu/,,,,,,,,,,,,,,,,,,,,,,,,,,,,
2027,215062,University of Pennsylvania,PA,private_nonprofit,10650,5.4,https://www.upenn.edu/,,,,,,,,,,,,,,,,,,,,,,,,,,,,
2027,227881,Sam Houston State University,TX,public,17743,90.3,https://www.shsu.edu/,,,,,,,,,,,,,,,,,,,,,,,,,,,,
2027,217819,College of Charleston,SC,public,10558,60.0,https://www.charleston.edu/,,,,,,,,,,,,,,,,,,,,,,,,,,,,
2027,190549,CUNY Brooklyn College,NY,public,10543,58.4,https://www.brooklyn.edu/,,,,,,,,,,,,,,,,,,,,,,,,,,,,
2027,126562,University of Colorado Denver/Anschutz Medical Campus,CO,public,10519,74.7,https://www.ucdenver.edu/,,,,,,,,,,,,,,,,,,,,,,,,,,,,
2027,191241,Fordham University,NY,private_nonprofit,10512,59.3,https://www.fordham.edu/,,,,,,,,,,,,,,,,,,,,,,,,,,,,
2027,232982,Old Dominion University,VA,public,17514,90.4,https://www.odu.edu/,,,,,,,,,,,,,,,,,,,,,,,,,,,,
2027,238032,West Virginia University,WV,public,17385,89.0,https://www.wvu.edu/,,,,,,,,,,,,,,,,,,,,,,,,,,,,
2027,449339,American Public University System,WV,private_for_profit,40074,,https://www.apus.edu/,,,,,,,,,,,,,,,,,,,,,,,,,,,,
2027,218724,Coastal Carolina University,SC,public,10377,75.3,https://www.coastal.edu/,,,,,,,,,,,,,,,,,,,,,,,,,,,,
2027,105330,Northern Arizona University,AZ,public,22903,89.6,https://nau.edu/,,,,,,,,,,,,,,,,,,,,,,,,,,,,
2027,206941,University of Central Oklahoma,OK,public,10170,78.1,https://www.uco.edu/,,,,,,,,,,,,,,,,,,,,,,,,,,,,
2027,131520,Howard University,DC,private_nonprofit,10108,41.3,https://www.howard.edu/,,,,,,,,,,,,,,,,,,,,,,,,,,,,
2027,164924,Boston College,MA,private_nonprofit,10085,16.4,https://www.bc.edu/,,,,,,,,,,,,,,,,,,,,,,,,,,,,
2027,169798,Eastern Michigan University,MI,public,10055,79.6,https://www.emich.edu/,,,,,,,,,,,,,,,,,,,,,,,,,,,,
2027,240453,University of Wisconsin-Milwaukee,WI,public,16758,90.7,https://uwm.edu/,,,,,,,,,,,,,,,,,,,,,,,,,,,,
2027,164076,Towson University,MD,public,16136,82.0,https://www.towson.edu/,,,,,,,,,,,,,,,,,,,,,,,,,,,,
2027,196042,Farmingdale State College,NY,public,9552,63.3,https://www.farmingdale.edu/,,,,,,,,,,,,,,,,,,,,,,,,,,,,
2027,236939,Washington State University,WA,public,21099,86.6,https://wsu.edu/,,,,,,,,,,,,,,,,,,,,,,,,,,,,
2027,172644,Wayne State University,MI,public,15587,81.2,https://wayne.edu/,,,,,,,,,,,,,,,,,,,,,,,,,,,,
2027,138354,University of West Florida,FL,public,9330,58.2,https://uwf.edu/,,,,,,,,,,,,,,,,,,,,,,,,,,,,
2027,216339,Temple University,PA,public,20970,80.4,https://www.temple.edu/,,,,,,,,,,,,,,,,,,,,,,,,,,,,
2027,196060,University at Albany,NY,public,12564,69.1,https://www.albany.edu/,,,,,,,,,,,,,,,,,,,,,,,,,,,,
2027,240329,University of Wisconsin-La Crosse,WI,public,9277,75.5,https://www.uwlax.edu/,,,,,,,,,,,,,,,,,,,,,,,,,,,,
2027,147767,Northwestern University,IL,private_nonprofit,9201,7.7,https://www.northwestern.edu/,,,,,,,,,,,,,,,,,,,,,,,,,,,,
2027,140951,Savannah College of Art and Design,GA,private_nonprofit,15243,83.0,https://www.scad.edu/,,,,,,,,,,,,,,,,,,,,,,,,,,,,
2027,426314,Embry-Riddle Aeronautical University-Worldwide,FL,private_nonprofit,9139,57.9,https://worldwide.erau.edu/,,,,,,,,,,,,,,,,,,,,,,,,,,,,
2027,155399,Kansas State University,KS,public,15142,81.7,https://www.k-state.edu/,,,,,,,,,,,,,,,,,,,,,,,,,,,,
2027,200800,University of Akron Main Campus,OH,public,9052,59.7,https://www.uakron.edu/,,,,,,,,,,,,,,,,,,,,,,,,,,,,
2027,185828,New Jersey Institute of Technology,NJ,public,9019,65.1,https://www.njit.edu/,,,,,,,,,,,,,,,,,,,,,,,,,,,,
2027,141574,University of Hawaii at Manoa,HI,public,15029,86.6,https://manoa.hawaii.edu/,,,,,,,,,,,,,,,,,,,,,,,,,,,,
2027,190150,Columbia University in the City of New York,NY,private_nonprofit,8973,4.0,https://www.columbia.edu/,,,,,,,,,,,,,,,,,,,,,,,,,,,,
2027,102094,University of South Alabama,AL,public,8879,71.0,https://www.southalabama.edu/,,,,,,,,,,,,,,,,,,,,,,,,,,,,
2027,227526,Prairie View A & M University,TX,public,8877,79.3,https://www.pvamu.edu/,,,,,,,,,,,,,,,,,,,,,,,,,,,,
2027,152080,University of Notre Dame,IN,private_nonprofit,8818,11.3,https://www.nd.edu/,,,,,,,,,,,,,,,,,,,,,,,,,,,,
2027,221847,Tennessee Technological University,TN,public,8698,76.1,https://www.tntech.edu/,,,,,,,,,,,,,,,,,,,,,,,,,,,,
2027,110592,California State University-Los Angeles,CA,public,19562,91.2,https://www.calstatela.edu/,,,,,,,,,,,,,,,,,,,,,,,,,,,,
2027,180461,Montana State University,MT,public,14451,82.1,https://www.montana.edu/,,,,,,,,,,,,,,,,,,,,,,,,,,,,
2027,199148,University of North Carolina at Greensboro,NC,public,14062,88.5,https://www.uncg.edu/,,,,,,,,,,,,,,,,,,,,,,,,,,,,
2027,150136,Ball State University,IN,public,13988,85.5,https://www.bsu.edu/,,,,,,,,,,,,,,,,,,,,,,,,,,,,
2027,147703,Northern Illinois University,IL,public,11301,69.8,https://www.niu.edu/,,,,,,,,,,,,,,,,,,,,,,,,,,,,
2027,157447,Northern Kentucky University,KY,public,8246,67.7,https://www.nku.edu/,,,,,,,,,,,,,,,,,,,,,,,,,,,,
2027,190655,CUNY New York City College of Technology,NY,public,13580,80.3,https://www.citytech.cuny.edu/,,,,,,,,,,,,,,,,,,,,,,,,,,,,
2027,237011,Western Washington University,WA,public,13544,93.2,https://wwu.edu/,,,,,,,,,,,,,,,,,,,,,,,,,,,,
2027,179566,Missouri State University-Springfield,MO,public,13313,90.5,https://www.missouristate.edu/,,,,,,,,,,,,,,,,,,,,,,,,,,,,
2027,133553,Embry-Riddle Aeronautical University-Daytona Beach,FL,private_nonprofit,7860,64.8,https://daytonabeach.erau.edu/,,,,,,,,,,,,,,,,,,,,,,,,,,,,
2027,179867,Washington University in St Louis,MO,private_nonprofit,7857,12.1,https://washu.edu/,,,,,,,,,,,,,,,,,,,,,,,,,,,,
2027,142115,Boise State University,ID,public,17674,87.2,https://www.boisestate.edu/,,,,,,,,,,,,,,,,,,,,,,,,,,,,
2027,137847,The University of Tampa,FL,private_nonprofit,10572,40.3,https://www.ut.edu/,,,,,,,,,,,,,,,,,,,,,,,,,,,,
2027,128771,Central Connecticut State University,CT,public,7822,73.3,https://www.ccsu.edu/,,,,,,,,,,,,,,,,,,,,,,,,,,,,
2027,160755,Tulane University of Louisiana,LA,private_nonprofit,7767,14.0,https://tulane.edu/,,,,,,,,,,,,,,,,,,,,,,,,,,,,
2027,142285,University of Idaho,ID,public,7747,75.5,https://www.uidaho.edu/,,,,,,,,,,,,,,,,,,,,,,,,,,,,
2027,201441,Bowling Green State University-Main Campus,OH,public,12812,81.0,https://www.bgsu.edu/,,,,,,,,,,,,,,,,,,,,,,,,,,,,
2027,202480,University of Dayton,OH,private_nonprofit,7682,65.5,https://udayton.edu/,,,,,,,,,,,,,,,,,,,,,,,,,,,,
2027,194310,Pace University,NY,private_nonprofit,7665,75.9,https://www.pace.edu/,,,,,,,,,,,,,,,,,,,,,,,,,,,,
2027,228529,Tarleton State University,TX,public,12673,89.5,https://www.tarleton.edu/,,,,,,,,,,,,,,,,,,,,,,,,,,,,
2027,166027,Harvard University,MA,private_nonprofit,7601,3.6,https://www.harvard.edu/,,,,,,,,,,,,,,,,,,,,,,,,,,,,
2027,133650,Florida Agricultural and Mechanical University,FL,public,7582,20.6,https://www.famu.edu/,,,,,,,,,,,,,,,,,,,,,,,,,,,,
2027,131496,Georgetown University,DC,private_nonprofit,7569,12.9,https://www.georgetown.edu/,,,,,,,,,,,,,,,,,,,,,,,,,,,,
2027,144050,University of Chicago,IL,private_nonprofit,7569,4.5,https://www.uchicago.edu/,,,,,,,,,,,,,,,,,,,,,,,,,,,,
2027,243744,Stanford University,CA,private_nonprofit,7554,3.6,https://www.stanford.edu/,,,,,,,,,,,,,,,,,,,,,,,,,,,,
2027,225432,University of Houston-Downtown,TX,public,12555,90.0,https://www.uhd.edu/,,,,,,,,,,,,,,,,,,,,,,,,,,,,
2027,141334,University of West Georgia,GA,public,7520,51.6,https://www.westga.edu/,,,,,,,,,,,,,,,,,,,,,,,,,,,,
2027,111948,Chapman University,CA,private_nonprofit,7478,65.4,https://www.chapman.edu/,,,,,,,,,,,,,,,,,,,,,,,,,,,,
2027,160658,University of Louisiana at Lafayette,LA,public,12428,87.0,https://www.louisiana.edu/,,,,,,,,,,,,,,,,,,,,,,,,,,,,
2027,171571,Oakland University,MI,public,12351,87.8,https://www.oakland.edu/,,,,,,,,,,,,,,,,,,,,,,,,,,,,
2027,200280,University of North Dakota,ND,public,9981,76.9,https://und.edu/,,,,,,,,,,,,,,,,,,,,,,,,,,,,
2027,211440,Carnegie Mellon University,PA,private_nonprofit,7304,11.7,https://www.cmu.edu/,,,,,,,,,,,,,,,,,,,,,,,,,,,,
2027,139658,Emory University,GA,private_nonprofit,7298,10.7,https://www.emory.edu/,,,,,,,,,,,,,,,,,,,,,,,,,,,,
2027,157951,Western Kentucky University,KY,public,12155,93.9,https://www.wku.edu/,,,,,,,,,,,,,,,,,,,,,,,,,,,,
2027,126827,Colorado Technical University-Colorado Springs,CO,private_for_profit,28086,,https://www.coloradotech.edu/Colorado-Springs,,,,,,,,,,,,,,,,,,,,,,,,,,,,
2027,228246,Southern Methodist University,TX,private_nonprofit,7277,63.3,https://www.smu.edu/,,,,,,,,,,,,,,,,,,,,,,,,,,,,
2027,179159,Saint Louis University,MO,private_nonprofit,7267,75.0,https://www.slu.edu/,,,,,,,,,,,,,,,,,,,,,,,,,,,,
2027,131159,American University,DC,private_nonprofit,7266,62.0,https://www.american.edu/,,,,,,,,,,,,,,,,,,,,,,,,,,,,
2027,136215,Nova Southeastern University,FL,private_nonprofit,7240,73.2,https://www.nova.edu/,,,,,,,,,,,,,,,,,,,,,,,,,,,,
2027,217156,Brown University,RI,private_nonprofit,7226,5.4,https://www.brown.edu/,,,,,,,,,,,,,,,,,,,,,,,,,,,,
2027,221999,Vanderbilt University,TN,private_nonprofit,7208,5.9,https://www.vanderbilt.edu/,,,,,,,,,,,,,,,,,,,,,,,,,,,,
2027,188030,New Mexico State University-Main Campus,NM,public,11946,89.0,https://www.nmsu.edu/,,,,,,,,,,,,,,,,,,,,,,,,,,,,
2027,187134,The College of New Jersey,NJ,public,7105,62.3,https://www.tcnj.edu/,,,,,,,,,,,,,,,,,,,,,,,,,,,,
2027,117946,Loyola Marymount University,CA,private_nonprofit,7094,45.1,https://www.lmu.edu/,,,,,,,,,,,,,,,,,,,,,,,,,,,,
2027,243197,University of Puerto Rico-Mayaguez,PR,public,9539,56.5,https://www.uprm.edu/,,,,,,,,,,,,,,,,,,,,,,,,,,,,
2027,168148,Tufts University,MA,private_nonprofit,7061,11.5,https://www.tufts.edu/,,,,,,,,,,,,,,,,,,,,,,,,,,,,
2027,231624,William & Mary,VA,public,7055,34.1,https://www.wm.edu/,,,,,,,,,,,,,,,,,,,,,,,,,,,,
2027,146719,Loyola University Chicago,IL,private_nonprofit,11737,81.6,https://www.luc.edu/,,,,,,,,,,,,,,,,,,,,,,,,,,,,
2027,101480,Jacksonville State University,AL,public,7036,77.7,https://www.jsu.edu/,,,,,,,,,,,,,,,,,,,,,,,,,,,,
2027,173920,Minnesota State University-Mankato,MN,public,11703,88.4,https://mnsu.edu/,,,,,,,,,,,,,,,,,,,,,,,,,,,,
2027,100663,University of Alabama at Birmingham,AL,public,11635,88.2,https://www.uab.edu/,,,,,,,,,,,,,,,,,,,,,,,,,,,,
2027,216597,Villanova University,PA,private_nonprofit,6938,27.0,https://www.villanova.edu/,,,,,,,,,,,,,,,,,,,,,,,,,,,,
2027,166638,University of Massachusetts-Boston,MA,public,11512,83.8,https://www.umb.edu/,,,,,,,,,,,,,,,,,,,,,,,,,,,,
2027,181394,University of Nebraska at Omaha,NE,public,11488,87.0,https://www.unomaha.edu/,,,,,,,,,,,,,,,,,,,,,,,,,,,,
2027,166513,University of Massachusetts-Lowell,MA,public,11434,83.0,https://www.uml.edu/,,,,,,,,,,,,,,,,,,,,,,,,,,,,
2027,178402,University of Missouri-Kansas City,MO,public,6817,72.2,https://www.umkc.edu/,,,,,,,,,,,,,,,,,,,,,,,,,,,,
2027,216038,Slippery Rock University of Pennsylvania,PA,public,6788,71.5,https://www.sru.edu/,,,,,,,,,,,,,,,,,,,,,,,,,,,,
2027,130794,Yale University,CT,private_nonprofit,6758,3.9,https://www.yale.edu/,,,,,,,,,,,,,,,,,,,,,,,,,,,,
2027,183044,University of New Hampshire-Main Campus,NH,public,11261,88.2,https://www.unh.edu/,,,,,,,,,,,,,,,,,,,,,,,,,,,,
2027,134237,Full Sail University,FL,private_for_profit,25777,,https://www.fullsail.edu/,,,,,,,,,,,,,,,,,,,,,,,,,,,,
2027,110510,California State University-San Bernardino,CA,public,15023,93.7,https://www.csusb.edu/,,,,,,,,,,,,,,,,,,,,,,,,,,,,
2027,226152,Texas A & M International University,TX,public,6667,44.4,https://www.tamiu.edu/,,,,,,,,,,,,,,,,,,,,,,,,,,,,
2027,141264,Valdosta State University,GA,public,6622,72.3,https://www.valdosta.edu/,,,,,,,,,,,,,,,,,,,,,,,,,,,,
2027,100706,University of Alabama in Huntsville,AL,public,6591,68.6,https://www.uah.edu/,,,,,,,,,,,,,,,,,,,,,,,,,,,,
2027,122931,Santa Clara University,CA,private_nonprofit,6552,48.0,https://www.scu.edu/,,,,,,,,,,,,,,,,,,,,,,,,,,,,
2027,130226,Quinnipiac University,CT,private_nonprofit,6531,72.2,https://www.qu.edu/,,,,,,,,,,,,,,,,,,,,,,,,,,,,
2027,191649,Hofstra University,NY,private_nonprofit,6488,68.1,https://www.hofstra.edu/,,,,,,,,,,,,,,,,,,,,,,,,,,,,
2027,156125,Wichita State University,KS,public,10780,94.0,https://www.wichita.edu/,,,,,,,,,,,,,,,,,,,,,,,,,,,,
2027,198516,Elon University,NC,private_nonprofit,6452,66.3,https://www.elon.edu/,,,,,,,,,,,,,,,,,,,,,,,,,,,,
2027,198419,Duke University,NC,private_nonprofit,6442,5.7,https://www.duke.edu/,,,,,,,,,,,,,,,,,,,,,,,,,,,,
2027,201645,Case Western Reserve University,OH,private_nonprofit,6437,36.5,https://www.case.edu/,,,,,,,,,,,,,,,,,,,,,,,,,,,,
2027,179557,Southeast Missouri State University,MO,public,6373,73.5,https://www.semo.edu/,,,,,,,,,,,,,,,,,,,,,,,,,,,,
2027,243221,University of Puerto Rico-Rio Piedras,PR,public,8572,54.6,https://www.uprrp.edu/,,,,,,,,,,,,,,,,,,,,,,,,,,,,
2027,195030,University of Rochester,NY,private_nonprofit,6331,40.1,https://www.rochester.edu/,,,,,,,,,,,,,,,,,,,,,,,,,,,,
2027,454227,Chamberlain University-Illinois,IL,private_for_profit,14027,82.6,https://www.chamberlain.edu/,,,,,,,,,,,,,,,,,,,,,,,,,,,,
2027,126775,Colorado School of Mines,CO,public,6155,60.7,https://www.mines.edu/,,,,,,,,,,,,,,,,,,,,,,,,,,,,
2027,100654,Alabama A & M University,AL,public,6124,58.0,https://www.aamu.edu/,,,,,,,,,,,,,,,,,,,,,,,,,,,,
2027,196176,State University of New York at New Paltz,NY,public,6086,61.6,https://www.newpaltz.edu/,,,,,,,,,,,,,,,,,,,,,,,,,,,,
2027,110538,California State University-Chico,CA,public,13631,92.7,https://www.csuchico.edu/,,,,,,,,,,,,,,,,,,,,,,,,,,,,
2027,221740,The University of Tennessee-Chattanooga,TN,public,10074,81.1,https://utc.edu/,,,,,,,,,,,,,,,,,,,,,,,,,,,,
2027,186584,Seton Hall University,NJ,private_nonprofit,6036,73.3,https://www.shu.edu/,,,,,,,,,,,,,,,,,,,,,,,,,,,,
2027,127060,University of Denver,CO,private_nonprofit,6025,77.8,https://www.du.edu/,,,,,,,,,,,,,,,,,,,,,,,,,,,,
2027,169248,Central Michigan University,MI,public,10035,89.8,https://www.cmich.edu/,,,,,,,,,,,,,,,,,,,,,,,,,,,,
2027,200004,Western Carolina University,NC,public,10024,81.8,https://www.wcu.edu/,,,,,,,,,,,,,,,,,,,,,,,,,,,,
2027,220075,East Tennessee State University,TN,public,10004,86.2,https://www.etsu.edu/,,,,,,,,,,,,,,,,,,,,,,,,,,,,
2027,172051,Saginaw Valley State University,MI,public,5989,72.1,https://www.svsu.edu/,,,,,,,,,,,,,,,,,,,,,,,,,,,,
2027,171137,University of Michigan-Dearborn,MI,public,5952,55.6,https://umdearborn.edu/,,,,,,,,,,,,,,,,,,,,,,,,,,,,
2027,224554,East Texas A&M University,TX,public,9912,92.2,https://www.etamu.edu/,,,,,,,,,,,,,,,,,,,,,,,,,,,,
2027,139861,Georgia College & State University,GA,public,5947,78.2,https://www.gcsu.edu/,,,,,,,,,,,,,,,,,,,,,,,,,,,,
2027,213543,Lehigh University,PA,private_nonprofit,5898,25.9,https://www.lehigh.edu/,,,,,,,,,,,,,,,,,,,,,,,,,,,,
2027,488846,University of the People,CA,private_nonprofit,22688,,https://www.uopeople.edu/,,,,,,,,,,,,,,,,,,,,,,,,,,,,
2027,206084,University of Toledo,OH,public,9770,92.0,https://www.utoledo.edu/,,,,,,,,,,,,,,,,,,,,,,,,,,,,
2027,209807,Portland State University,OR,public,13182,90.9,https://www.pdx.edu/,,,,,,,,,,,,,,,,,,,,,,,,,,,,
2027,155061,Fort Hays State University,KS,public,9733,90.3,https://www.fhsu.edu/,,,,,,,,,,,,,,,,,,,,,,,,,,,,
2027,190558,College of Staten Island CUNY,NY,public,9657,92.3,https://www.csi.cuny.edu/,,,,,,,,,,,,,,,,,,,,,,,,,,,,
2027,196121,SUNY Brockport,NY,public,5784,70.7,https://www.brockport.edu/,,,,,,,,,,,,,,,,,,,,,,,,,,,,
2027,194824,Rensselaer Polytechnic Institute,NY,private_nonprofit,5714,63.5,https://www.rpi.edu/,,,,,,,,,,,,,,,,,,,,,,,,,,,,
2027,186399,Rutgers University-Newark,NJ,public,7709,71.4,https://www.newark.rutgers.edu/,,,,,,,,,,,,,,,,,,,,,,,,,,,,
2027,186131,Princeton University,NJ,private_nonprofit,5709,4.6,https://www.princeton.edu/,,,,,,,,,,,,,,,,,,,,,,,,,,,,
2027,162928,Johns Hopkins University,MD,private_nonprofit,5693,6.4,https://www.jhu.edu/,,,,,,,,,,,,,,,,,,,,,,,,,,,,
2027,195809,St. John's University-New York,NY,private_nonprofit,9477,83.4,https://www.stjohns.edu/,,,,,,,,,,,,,,,,,,,,,,,,,,,,
2027,490805,Purdue University Northwest,IN,public,5671,72.4,https://www.pnw.edu/,,,,,,,,,,,,,,,,,,,,,,,,,,,,
2027,176965,University of Central Missouri,MO,public,5648,63.8,https://www.ucmo.edu/,,,,,,,,,,,,,,,,,,,,,,,,,,,,
2027,240189,University of Wisconsin-Whitewater,WI,public,9405,85.7,https://www.uww.edu/,,,,,,,,,,,,,,,,,,,,,,,,,,,,
2027,172699,Western Michigan University,MI,public,12568,84.6,https://wmich.edu/,,,,,,,,,,,,,,,,,,,,,,,,,,,,
2027,110547,California State University-Dominguez Hills,CA,public,12538,93.3,https://www.csudh.edu/,,,,,,,,,,,,,,,,,,,,,,,,,,,,
2027,232557,Liberty University,VA,private_nonprofit,50012,99.0,https://www.liberty.edu/,,,,,,,,,,,,,,,,,,,,,,,,,,,,
2027,164748,Berklee College of Music,MA,private_nonprofit,7468,43.5,https://www.berklee.edu/,,,,,,,,,,,,,,,,,,,,,,,,,,,,
2027,498562,Commonwealth University of Pennsylvania,PA,public,9210,93.1,https://www.commonwealthu.edu/,,,,,,,,,,,,,,,,,,,,,,,,,,,,
2027,178411,Missouri University of Science and Technology,MO,public,5521,72.5,https://www.mst.edu/,,,,,,,,,,,,,,,,,,,,,,,,,,,,
2027,160621,Southern University and A & M College,LA,public,5519,35.1,https://www.subr.edu/,,,,,,,,,,,,,,,,,,,,,,,,,,,,
2027,199847,Wake Forest University,NC,private_nonprofit,5485,21.7,https://www.wfu.edu/,,,,,,,,,,,,,,,,,,,,,,,,,,,,
2027,106458,Arkansas State University,AR,public,9110,82.3,https://www.astate.edu/,,,,,,,,,,,,,,,,,,,,,,,,,,,,
2027,163453,Morgan State University,MD,public,9019,82.2,https://www.morgan.edu/,,,,,,,,,,,,,,,,,,,,,,,,,,,,
2027,129242,Fairfield University,CT,private_nonprofit,5373,33.3,https://fairfield.edu/,,,,,,,,,,,,,,,,,,,,,,,,,,,,
2027,240268,University of Wisconsin-Eau Claire,WI,public,8895,82.3,https://www.uwec.edu/,,,,,,,,,,,,,,,,,,,,,,,,,,,,
2027,122612,University of San Francisco,CA,private_nonprofit,5287,61.7,https://www.usfca.edu/,,,,,,,,,,,,,,,,,,,,,,,,,,,,
2027,188429,Adelphi University,NY,private_nonprofit,5276,65.9,https://www.adelphi.edu/,,,,,,,,,,,,,,,,,,,,,,,,,,,,
2027,130253,Sacred Heart University,CT,private_nonprofit,7087,65.4,https://www.sacredheart.edu/,,,,,,,,,,,,,,,,,,,,,,,,,,,,
2027,228431,Stephen F Austin State University,TX,public,8728,94.0,https://www.sfasu.edu/,,,,,,,,,,,,,,,,,,,,,,,,,,,,
2027,154022,The University of Arizona Global Campus,AZ,public,20152,,https://www.uagc.edu/,,,,,,,,,,,,,,,,,,,,,,,,,,,,
2027,192819,Marist University,NY,private_nonprofit,5182,56.5,https://www.marist.edu/,,,,,,,,,,,,,,,,,,,,,,,,,,,,
2027,198695,High Point University,NC,private_nonprofit,5129,75.3,https://www.highpoint.edu/,,,,,,,,,,,,,,,,,,,,,,,,,,,,
